Title,Date
"Octonauts: Above & Beyond: Season 1: The Octonauts and the Golden Mole / The Octonauts and the Giant Weta","2022-02-12"
"Love and Leashes","2022-02-12"
"STAND BY ME Doraemon 2","2022-02-12"
"Extracurricular: Season 1: Episode 2","2022-02-11"
"Extracurricular: Season 1: Episode 1","2022-02-10"
"Inside the World’s Toughest Prisons: Season 5: South Africa: The Number Gangs Prison","2022-02-10"
"Kingdom: Season 1: Episode 6","2022-02-10"
"The Tinder Swindler","2022-02-09"
"All of Us Are Dead: Season 1: Episode 10","2022-02-03"
"All of Us Are Dead: Season 1: Episode 9","2022-02-02"
"All of Us Are Dead: Season 1: Episode 8","2022-02-02"
"All of Us Are Dead: Season 1: Episode 7","2022-02-02"
"Start-Up: Season 1: Hackathon","2022-02-02"
"All of Us Are Dead: Season 1: Episode 6","2022-02-02"
"All of Us Are Dead: Season 1: Episode 5","2022-02-01"
"Octonauts: Above & Beyond: Season 1: The Octonauts and the Hurricane Hunter Adventure / The Octonauts and the Little Goby","2022-01-31"
"Now You See Me","2022-01-31"
"Now You See Me 2","2022-01-31"
"All of Us Are Dead: Season 1: Episode 4","2022-01-30"
"Octonauts & the Ring of Fire","2022-01-30"
"All of Us Are Dead: Season 1: Episode 3","2022-01-30"
"Don't Look Up","2022-01-29"
"All of Us Are Dead: Season 1: Episode 2","2022-01-29"
"All of Us Are Dead: Season 1: Episode 1","2022-01-29"
"Ocean's Eleven","2022-01-29"
"Terminator: Dark Fate","2022-01-29"
"Kingdom: Season 1: Episode 5","2022-01-28"
"Kingdom: Season 1: Episode 4","2022-01-25"
"Kingdom: Season 1: Episode 3","2022-01-25"
"Kingdom: Season 1: Episode 2","2022-01-25"
"Kingdom: Season 1: Episode 1","2022-01-24"
"The Karate Kid","2022-01-24"
"The Walking Dead: Season 10: Here's Negan","2022-01-24"
"The Walking Dead: Season 10: Diverged","2022-01-23"
"The Walking Dead: Season 10: Splinter","2022-01-23"
"Archive 81: Season 1: Mystery Signals","2022-01-23"
"The Walking Dead: Season 10: One More","2022-01-21"
"The Walking Dead: Season 10: Find Me","2022-01-21"
"The Walking Dead: Season 10: Home Sweet Home","2022-01-21"
"Too Hot to Handle: Season 3: The Truth Hurts","2022-01-21"
"Too Hot to Handle: Season 3: The Midnight Train to Georgia","2022-01-21"
"Too Hot to Handle: Season 3: No Pleasure Island","2022-01-21"
"Just Go With It","2022-01-21"
"The Walking Dead: Season 10: What We Become","2022-01-20"
"The Walking Dead: Season 10: A Certain Doom","2022-01-19"
"The Walking Dead: Season 10: The Tower","2022-01-19"
"The Walking Dead: Season 10: Look at the Flowers","2022-01-18"
"The Walking Dead: Season 10: Walk With Us","2022-01-18"
"The Walking Dead: Season 10: Morning Star","2022-01-18"
"The Walking Dead: Season 10: Stalker","2022-01-18"
"The Walking Dead: Season 10: Squeeze","2022-01-18"
"The Walking Dead: Season 10: The World Before","2022-01-17"
"The Walking Dead: Season 10: Open Your Eyes","2022-01-17"
"The Walking Dead: Season 10: Bonds","2022-01-17"
"The Walking Dead: Season 10: What It Always Is","2022-01-17"
"The Walking Dead: Season 10: Silence the Whisperers","2022-01-16"
"The Walking Dead: Season 10: Ghosts","2022-01-16"
"The Walking Dead: Season 10: We Are the End of the World","2022-01-16"
"The Walking Dead: Season 10: Lines We Cross","2022-01-16"
"The Walking Dead: Season 9: The Storm","2022-01-15"
"Horrible Bosses","2022-01-15"
"The Walking Dead: Season 9: The Calm Before","2022-01-15"
"Good Luck Chuck","2022-01-14"
"The Walking Dead: Season 9: Scars","2022-01-14"
"Cobra Kai: Season 1: Esqueleto","2022-01-14"
"The Walking Dead: Season 9: Chokepoint","2022-01-13"
"The Walking Dead: Season 9: Guardians","2022-01-13"
"The Walking Dead: Season 9: Bounty","2022-01-13"
"The Walking Dead: Season 9: Omega","2022-01-13"
"The Walking Dead: Season 9: Adaptation","2022-01-13"
"The Walking Dead: Season 9: Evolution","2022-01-13"
"The Walking Dead: Season 9: Stradivarius","2022-01-12"
"The Walking Dead: Season 9: Who Are You Now?","2022-01-12"
"The Walking Dead: Season 9: What Comes After","2022-01-12"
"The Walking Dead: Season 9: The Obliged","2022-01-12"
"The Walking Dead: Season 9: Warning Signs","2022-01-12"
"The Walking Dead: Season 9: The Bridge","2022-01-12"
"The Walking Dead: Season 9: A New Beginning","2022-01-11"
"The Walking Dead: Season 8: Wrath","2022-01-11"
"Octonauts: Above & Beyond: Season 1: The Octonauts and the Rocky Mountain Rockslide / The Octonauts and the Bamboo Rescue","2022-01-11"
"The Walking Dead: Season 8: Worth","2022-01-11"
"The Walking Dead: Season 8: Still Gotta Mean Something","2022-01-11"
"The Matrix Reloaded","2022-01-11"
"The Walking Dead: Season 8: Do Not Send Us Astray","2022-01-11"
"SpongeBob SquarePants: Season 7: That Sinking Feeling / Karate Star","2022-01-11"
"The Walking Dead: Season 8: The Key","2022-01-10"
"The Walking Dead: Season 8: Dead or Alive Or","2022-01-10"
"The Walking Dead: Season 8: The Lost and The Plunderers","2022-01-10"
"The Walking Dead: Season 8: Honor","2022-01-10"
"The Walking Dead: Season 8: How It's Gotta Be","2022-01-10"
"Our Planet: Season 1: One Planet","2022-01-10"
"SpongeBob SquarePants: Season 7: The Great Patty Caper","2022-01-09"
"SpongeBob SquarePants: Season 7: Trenchbillies / Sponge-cano","2022-01-09"
"The Walking Dead: Season 8: Time for After","2022-01-09"
"Single’s Inferno: Season 1: Episode 8","2022-01-08"
"The Hungover Games","2022-01-08"
"Single’s Inferno: Season 1: Episode 7","2022-01-08"
"Octonauts: Above & Beyond: Season 1: The Octonauts and the Caterpillar Caravan / The Octonauts and the Curious Penguin","2022-01-08"
"Single’s Inferno: Season 1: Episode 2","2022-01-08"
"The Walking Dead: Season 8: The King, The Widow, and Rick","2022-01-08"
"Cobra Kai: Season 4: Match Point","2022-01-08"
"Cobra Kai: Season 4: Bicephaly","2022-01-08"
"Cobra Kai: Season 4: Then Learn Fly","2022-01-08"
"Cobra Kai: Season 4: First Learn Stand","2022-01-08"
"Cobra Kai: Season 4: Let's Begin","2022-01-08"
"The Walking Dead: Season 7: Hostiles and Calamities","2022-01-08"
"The Walking Dead: Season 8: The Big Scary U","2022-01-08"
"The Wolf of Wall Street","2022-01-08"
"The King: Eternal Monarch: Season 1: Episode 11","2022-01-07"
"Single’s Inferno: Season 1: Episode 6","2022-01-07"
"Spider-Man: Far from Home","2022-01-07"
"Superman Returns","2022-01-07"
"Ip Man","2022-01-06"
"Single’s Inferno: Season 1: Episode 5","2022-01-06"
"Single’s Inferno: Season 1: Episode 3","2022-01-06"
"Single’s Inferno: Season 1: Episode 1","2022-01-06"
"The Amazing Spider-Man","2022-01-05"
"The Walking Dead: Season 8: Some Guy","2022-01-05"
"The Walking Dead: Season 8: Monsters","2022-01-05"
"Spider-Man: Homecoming","2022-01-04"
"The Karate Kid Part II","2022-01-04"
"The Karate Kid Part III","2022-01-03"
"Venom","2022-01-02"
"Cobra Kai: Season 4: The Rise","2022-01-02"
"Cobra Kai: Season 4: The Fall","2022-01-02"
"Cobra Kai: Season 4: Minefields","2022-01-02"
"Cobra Kai: Season 4: Kicks Get Chicks","2022-01-01"
"Cobra Kai: Season 4: Party Time","2022-01-01"
"Single’s Inferno: Season 1: Episode 4","2021-12-31"
"The Walking Dead: Season 8: The Damned","2021-12-30"
"The Walking Dead: Season 8: Mercy","2021-12-30"
"The Walking Dead: Season 7: The First Day of the Rest of Your Life","2021-12-30"
"The Walking Dead: Season 7: Something They Need","2021-12-30"
"The Walking Dead: Season 7: The Other Side","2021-12-30"
"The Walking Dead: Season 7: Bury Me Here","2021-12-30"
"The Walking Dead: Season 7: Say Yes","2021-12-30"
"The Walking Dead: Season 7: New Best Friends","2021-12-30"
"The Walking Dead: Season 7: Rock in the Road","2021-12-30"
"The Walking Dead: Season 7: Hearts Still Beating","2021-12-30"
"The Walking Dead: Season 7: Sing Me a Song","2021-12-29"
"The Walking Dead: Season 7: Swear","2021-12-29"
"The Walking Dead: Season 7: Go Getters","2021-12-29"
"The Walking Dead: Season 7: Service","2021-12-29"
"The Walking Dead: Season 7: The Cell","2021-12-29"
"The Walking Dead: Season 7: The Well","2021-12-29"
"The Walking Dead: Season 7: The Day Will Come When You Won't Be","2021-12-28"
"The Walking Dead: Season 6: Last Day on Earth","2021-12-28"
"The Walking Dead: Season 6: East","2021-12-28"
"The Walking Dead: Season 6: Twice as Far","2021-12-28"
"The Walking Dead: Season 6: The Same Boat","2021-12-27"
"The Walking Dead: Season 6: Not Tomorrow Yet","2021-12-27"
"The Walking Dead: Season 6: Knots Untie","2021-12-27"
"The Walking Dead: Season 6: The Next World","2021-12-27"
"American Pie Presents: The Book of Love","2021-12-26"
"American Pie Presents: Beta House","2021-12-26"
"American Pie Presents: Band Camp","2021-12-26"
"Suits: Season 8: Rocky 8","2021-12-25"
"Suits: Season 8: Managing Partner","2021-12-25"
"Suits: Season 8: Motion to Delay","2021-12-25"
"Suits: Season 8: Coral Gables","2021-12-25"
"War of the Worlds","2021-12-25"
"Peppa Pig: Season 6: The End of the Holiday/Mirrors/Pedro is Late/Garden Games","2021-12-24"
"Peppa Pig: Season 6: Night Animals/Flying on Holiday/The Holiday House/Holiday in the Sun","2021-12-24"
"Peppa Pig: Season 6: The Aquarium/George's Racing Car/The Little Boat/The Sandpit","2021-12-24"
"The Walking Dead: Season 6: No Way Out","2021-12-23"
"The Walking Dead: Season 6: Start to Finish","2021-12-23"
"Octonauts: Above & Beyond: Season 1: The Octonauts and the Australian Outback Mystery / The Octonauts and the Antarctica Rescue","2021-12-21"
"Minority Report","2021-12-21"
"Catch Me If You Can","2021-12-21"
"Jumanji: The Next Level","2021-12-18"
"The Walking Dead: Season 6: Heads Up","2021-12-18"
"The Walking Dead: Season 6: Always Accountable","2021-12-18"
"The Walking Dead: Season 6: Now","2021-12-17"
"The Walking Dead: Season 6: Here's Not Here","2021-12-17"
"The Walking Dead: Season 6: Thank You","2021-12-17"
"Peppa Pig: Season 6: The Queen/Desert Island/Perfume/The Children's Fete","2021-12-17"
"Octonauts & the Caves of Sac Actun","2021-12-17"
"I Am Legend","2021-12-17"
"The Walking Dead: Season 6: JSS","2021-12-16"
"The Walking Dead: Season 6: First Time Again","2021-12-16"
"The Walking Dead: Season 5: Conquer","2021-12-16"
"The Walking Dead: Season 5: Try","2021-12-15"
"The Walking Dead: Season 5: Spend","2021-12-15"
"The Walking Dead: Season 5: Forget","2021-12-14"
"The Walking Dead: Season 5: Remember","2021-12-14"
"The Walking Dead: Season 5: The Distance","2021-12-13"
"The Walking Dead: Season 5: Them","2021-12-13"
"The Walking Dead: Season 5: What Happened and What's Going On","2021-12-13"
"The Walking Dead: Season 5: Coda","2021-12-13"
"Charlie's Angels","2021-12-12"
"The Walking Dead: Season 5: Crossed","2021-12-10"
"The Walking Dead: Season 5: Consumed","2021-12-09"
"The Walking Dead: Season 5: Self Help","2021-12-09"
"The Walking Dead: Season 5: Slabtown","2021-12-09"
"The Walking Dead: Season 5: Four Walls and a Roof","2021-12-08"
"2012","2021-12-08"
"The Walking Dead: Season 5: Strangers","2021-12-08"
"The Walking Dead: Season 5: No Sanctuary","2021-12-07"
"The Walking Dead: Season 4: A","2021-12-07"
"The Walking Dead: Season 4: Us","2021-12-07"
"The Walking Dead: Season 4: The Grove","2021-12-07"
"The Walking Dead: Season 4: Alone","2021-12-07"
"The Walking Dead: Season 4: Still","2021-12-07"
"Love Actually","2021-12-06"
"Superstore: Season 1: Pilot","2021-12-06"
"The Walking Dead: Season 4: Claimed","2021-12-06"
"The Walking Dead: Season 4: Inmates","2021-12-06"
"Journey 2: The Mysterious Island","2021-12-05"
"Numberblocks: Season 6: Two Times Shoe Shop","2021-12-05"
"The Walking Dead: Season 4: After","2021-12-05"
"Suits: Season 8: Sour Grapes","2021-12-04"
"The Walking Dead: Season 4: Too Far Gone","2021-12-04"
"The Walking Dead: Season 4: Dead Weight","2021-12-04"
"The Walking Dead: Season 4: Live Bait","2021-12-04"
"The Walking Dead: Season 4: Internment","2021-12-04"
"The Walking Dead: Season 4: Indifference","2021-12-03"
"Octonauts: Above & Beyond: Season 1: The Octonauts and the Hot Spring Snake / The Octonauts and the Devil's Hole Pupfish","2021-12-03"
"Octonauts: Above & Beyond: Season 1: The Octonauts and the Wild Windstorms / The Octonauts and the Siberian Salamander","2021-12-03"
"The Walking Dead: Season 4: Isolation","2021-12-02"
"The Walking Dead: Season 4: Infected","2021-12-02"
"The Walking Dead: Season 4: 30 Days Without an Accident","2021-12-02"
"The Walking Dead: Season 3: Welcome to the Tombs","2021-12-02"
"The Walking Dead: Season 3: This Sorrowful Life","2021-12-02"
"The Walking Dead: Season 3: Prey","2021-12-01"
"The Walking Dead: Season 3: Arrow on the Doorpost","2021-12-01"
"The Walking Dead: Season 3: Clear","2021-12-01"
"The Walking Dead: Season 3: I Ain't a Judas","2021-12-01"
"The Walking Dead: Season 3: Home","2021-12-01"
"The Walking Dead: Season 3: The Suicide King","2021-11-30"
"The Walking Dead: Season 3: Made to Suffer","2021-11-30"
"Red Notice","2021-11-29"
"The Walking Dead: Season 3: When the Dead Come Knocking","2021-11-29"
"Suits: Season 8: Cats, Ballet, Harvey Specter","2021-11-29"
"Suits: Season 8: Good Mudding","2021-11-29"
"Suits: Season 8: Revenue Per Square Foot","2021-11-29"
"Suits: Season 8: Promises, Promises","2021-11-29"
"The Walking Dead: Season 3: Hounded","2021-11-28"
"The Walking Dead: Season 3: Say the Word","2021-11-27"
"Hellbound: Season 1: Episode 1","2021-11-26"
"The Walking Dead: Season 3: Killer Within","2021-11-26"
"The Walking Dead: Season 3: Walk with Me","2021-11-26"
"The Walking Dead: Season 3: Sick","2021-11-26"
"The Walking Dead: Season 3: Seed","2021-11-24"
"Suits: Season 8: Pecking Order","2021-11-24"
"Suits: Season 8: Right-Hand Man","2021-11-24"
"Suits: Season 9: Everything's Changed","2021-11-24"
"Suits: Season 7: Shame","2021-11-24"
"The Walking Dead: Season 2: Beside the Dying Fire","2021-11-23"
"The Walking Dead: Season 2: Better Angels","2021-11-23"
"The Walking Dead: Season 2: Judge, Jury, Executioner","2021-11-23"
"The Walking Dead: Season 2: 18 Miles Out","2021-11-22"
"The Walking Dead: Season 2: Triggerfinger","2021-11-22"
"The Walking Dead: Season 2: Nebraska","2021-11-22"
"3022","2021-11-21"
"Line Walker","2021-11-21"
"Terminator 3: Rise of the Machines","2021-11-19"
"The Walking Dead: Season 2: Pretty Much Dead Already","2021-11-19"
"The Walking Dead: Season 2: Secrets","2021-11-19"
"The Walking Dead: Season 2: Chupacabra","2021-11-18"
"The Walking Dead: Season 2: Cherokee Rose","2021-11-18"
"The Walking Dead: Season 2: Save the Last One","2021-11-17"
"The Walking Dead: Season 2: Bloodletting","2021-11-16"
"Zero to Hero","2021-11-15"
"Rush Hour 2","2021-11-15"
"The Walking Dead: Season 2: What Lies Ahead","2021-11-15"
"The Walking Dead: Season 1: TS-19","2021-11-14"
"CoComelon: Season 4: CoComelon Fun Club","2021-11-14"
"Octonauts: Above & Beyond: Season 1: The Octonauts and the Land of Fire and Ice / The Octonauts and the Beetle Invasion","2021-11-13"
"The Walking Dead: Season 1: Wildfire","2021-11-12"
"Octonauts: Above & Beyond: Season 1: The Octonauts and the Skeleton Coast Adventure","2021-11-12"
"The Walking Dead: Season 1: Vatos","2021-11-12"
"The Walking Dead: Season 1: Tell It to the Frogs","2021-11-12"
"The Walking Dead: Season 1: Days Gone Bye","2021-11-12"
"The Walking Dead: Season 1: Guts","2021-11-12"
"Love Hard","2021-11-11"
"My Name: Season 1: Episode 2","2021-11-11"
"My Name: Season 1: Episode 8","2021-11-11"
"Search WWW: Episode 2","2021-11-08"
"Search WWW: Episode 1","2021-11-07"
"Private Lives: Season 1: Episode 2","2021-11-07"
"Private Lives: Season 1: Episode 1","2021-11-07"
"Our Planet: Season 1: The High Seas","2021-11-02"
"Vagabond: Season 1: Episode 10","2021-11-01"
"Squid Game: Season 1: Red Light, Green Light","2021-10-31"
"The Fifth Element","2021-10-30"
"Bruce Almighty","2021-10-30"
"Itaewon Class: Season 1: Episode 4","2021-10-28"
"Itaewon Class: Season 1: Episode 3","2021-10-28"
"Itaewon Class: Season 1: Episode 5","2021-10-28"
"Itaewon Class: Season 1: Episode 6","2021-10-28"
"Itaewon Class: Season 1: Episode 7","2021-10-28"
"Itaewon Class: Season 1: Episode 8","2021-10-28"
"Itaewon Class: Season 1: Episode 9","2021-10-28"
"Itaewon Class: Season 1: Episode 10","2021-10-28"
"Our Planet: Season 1: From Deserts to Grasslands","2021-10-28"
"Itaewon Class: Season 1: Episode 11","2021-10-28"
"Salvation: Season 1: The Plot Against America","2021-10-28"
"Itaewon Class: Season 1: Episode 2","2021-10-28"
"Salvation: Season 2: Fall Out","2021-10-28"
"Project X","2021-10-28"
"Vagabond: Season 1: Episode 9","2021-10-27"
"Terrace House: Aloha State: Part 1: The Reason Why He Can't Get a Girlfriend","2021-10-27"
"Miss Bala","2021-10-27"
"Numberblocks: Season 1: One Upon a Time","2021-10-27"
"Numberblocks: Season 2: Ten Again","2021-10-27"
"Numberblocks: Season 4: Twenty-one and On","2021-10-27"
"Neon Genesis Evangelion: Season 1: Rain, After Running Away","2021-10-26"
"Neon Genesis Evangelion: Season 1: The Silent Phone","2021-10-26"
"Knowing","2021-10-26"
"Another Life: Season 1: Across the Universe","2021-10-26"
"Terrace House: Aloha State: Part 1: The 18-Year-Old Madonna","2021-10-26"
"Terrace House: Tokyo 2019-2020: Part 2: Orange Flavor First Kiss","2021-10-26"
"Terrace House: Tokyo 2019-2020: Part 2: This Is Not a Place to Slack","2021-10-26"
"Terrace House: Tokyo 2019-2020: Part 2: Bros Before Hoes","2021-10-26"
"Terrace House: Aloha State: Part 1: Terrace House in the Aloha State","2021-10-25"
"Terrace House: Aloha State: Part 2: Black Tears","2021-10-25"
"Alice in Borderland: Season 1: Episode 1","2021-10-24"
"Kung Fu Hustle","2021-10-23"
"You: Season 3: So I Married an Axe Murderer","2021-10-22"
"You: Season 3: And They Lived Happily Ever After","2021-10-22"
"The Medallion","2021-10-21"
"Squid Game: Season 1: One Lucky Day","2021-10-19"
"Squid Game: Season 1: Front Man","2021-10-19"
"Squid Game: Season 1: VIPS","2021-10-19"
"Deep Impact","2021-10-18"
"Squid Game: Season 1: Gganbu","2021-10-18"
"Squid Game: Season 1: A Fair World","2021-10-18"
"My Name: Season 1: Episode 6","2021-10-17"
"Squid Game: Season 1: Stick to the Team","2021-10-17"
"Squid Game: Season 1: The Man with the Umbrella","2021-10-17"
"Squid Game: Season 1: Hell","2021-10-17"
"My Name: Season 1: Episode 5","2021-10-17"
"My Name: Season 1: Episode 4","2021-10-17"
"Numberblocks: Season 1: Hide and Seek","2021-10-16"
"Numberblocks: Season 1: Holes","2021-10-16"
"Numberblocks: Season 1: The Terrible Twos","2021-10-16"
"My Name: Season 1: Episode 3","2021-10-16"
"My Name: Season 1: Episode 1","2021-10-16"
"Vagabond: Season 1: Episode 8","2021-10-13"
"Vagabond: Season 1: Episode 7","2021-10-11"
"Iron Man 2","2021-10-11"
"Numberblocks: Season 1: The Whole of Me","2021-10-09"
"Numberblocks: Season 1: Stampolines","2021-10-09"
"Numberblocks: Season 1: How to Count","2021-10-09"
"Numberblocks: Season 1: Off We Go!","2021-10-09"
"Numberblocks: Season 1: Three Little Pigs","2021-10-09"
"Numberblocks: Season 1: Five","2021-10-09"
"Numberblocks: Season 1: Four","2021-10-09"
"Numberblocks: Season 1: One,Two, Three!","2021-10-09"
"Numberblocks: Season 2: Double Trouble","2021-10-09"
"Numberblocks: Season 2: The Three Threes","2021-10-09"
"Bad Guys: Vile City: Season 1: Episode 1","2021-10-09"
"Hometown Cha-Cha-Cha: Season 1: Episode 1","2021-10-07"
"Vagabond: Season 1: Episode 6","2021-10-06"
"Helios","2021-10-02"
"Vagabond: Season 1: Episode 5","2021-10-02"
"Numberblocks: Season 6: Twoland","2021-10-02"
"Numberblocks: Season 6: Ten-Vaulting","2021-10-02"
"Numberblocks: Season 6: The Many Friends of Twenty","2021-10-02"
"Numberblocks: Season 6: Fun Times One Times Table","2021-10-02"
"Numberblocks: Season 6: What's My Number?","2021-10-02"
"Numberblocks: Season 6: Ten's Top Ten","2021-10-02"
"Numberblocks: Season 6: Now You See Us","2021-10-02"
"Numberblocks: Season 6: Your Turn","2021-10-02"
"The Ice Road","2021-10-01"
"Vagabond: Season 1: Episode 4","2021-10-01"
"Black Holes | The Edge of All We Know","2021-09-30"
"Vagabond: Season 1: Episode 3","2021-09-29"
"Hitch","2021-09-28"
"Vagabond: Season 1: Episode 2","2021-09-27"
"Our Planet: Season 1: Forests","2021-09-24"
"Our Planet: Season 1: Fresh Water","2021-09-24"
"Doctor Sleep","2021-09-24"
"The Matrix Revolutions","2021-09-21"
"Countdown: Inspiration4 Mission to Space: Limited Series: Episode 1","2021-09-21"
"Vagabond: Season 1: Episode 1","2021-09-20"
"Fast & Furious Presents: Hobbs & Shaw","2021-09-17"
"Blood Red Sky","2021-09-17"
"She's Out of My League","2021-09-16"
"The Hangover: Part II","2021-09-16"
"The Matrix","2021-09-14"
"The Matrix_hook_primary_16x9","2021-09-14"
"Up in the Air","2021-09-14"
"Crazy, Stupid, Love.","2021-09-13"
"The Mask of Zorro","2021-09-11"
"Captain America: Civil War","2021-09-11"
"Meteor Garden: Season 1: Episode 14","2021-09-09"
"Meteor Garden: Season 1: Episode 19","2021-09-09"
"Spider-Man: Homecoming_hook_primary_16x9","2021-09-09"
"Alice in Borderland: Season 1: Episode 8","2021-09-08"
"Dragon Tiger Gate","2021-09-08"
"Initial D","2021-09-07"
"Romeo Must Die","2021-09-07"
"Edge of Tomorrow","2021-09-05"
"Ip Man 2","2021-09-05"
"Connected","2021-09-04"
"Manifest: Season 2: Carry On","2021-08-31"
"S Storm","2021-08-31"
"The Yin-Yang Master: Dream Of Eternity","2021-08-29"
"The Big Short","2021-08-29"
"Numberblocks: Season 2: Octoblock to the Rescue!","2021-08-28"
"Numberblocks: Season 2: Five and Friends","2021-08-28"
"Numberblocks: Season 2: Numberblock Rally","2021-08-28"
"Numberblocks: Season 2: What's the Difference?","2021-08-28"
"Numberblocks: Season 2: Hiccups","2021-08-26"
"Numberblocks: Season 2: Peekaboo!","2021-08-26"
"Numberblocks: Season 2: Building Blocks","2021-08-26"
"Numberblocks: Season 2: Numberblobs","2021-08-26"
"Numberblocks: Season 2: Now We Are Six to Ten","2021-08-26"
"Numberblocks: Season 2: Numberblock Castle","2021-08-26"
"Numberblocks: Season 2: The Two Tree","2021-08-26"
"Numberblocks: Season 2: Blast Off!","2021-08-26"
"Numberblocks: Season 2: Fluffies","2021-08-26"
"Numberblocks: Season 2: Odds and Evens","2021-08-25"
"Numberblocks: Season 2: Counting Sheep","2021-08-25"
"Numberblocks: Season 2: Ten Green Bottles","2021-08-25"
"Numberblocks: Season 2: Just Add One","2021-08-25"
"Numberblocks: Season 2: Ten","2021-08-25"
"Numberblocks: Season 2: Nine","2021-08-25"
"Numberblocks: Season 2: Eight","2021-08-24"
"Numberblocks: Season 2: Seven","2021-08-24"
"Numberblocks: Season 2: Six","2021-08-24"
"Numberblocks: Season 3: Divide and Drive","2021-08-24"
"Numberblocks: Season 3: Terrible Twosday","2021-08-23"
"Numberblocks: Season 3: The Lair of Shares","2021-08-23"
"Numberblocks: Season 3: Fun Times Fair","2021-08-23"
"Numberblocks: Season 3: Sign of the Times","2021-08-23"
"Numberblocks: Season 3: The Heist","2021-08-23"
"Numberblocks: Season 3: I Can Count to Twenty","2021-08-23"
"Numberblocks: Season 3: Flights of Fancy","2021-08-23"
"Numberblocks: Season 3: Tall Stories","2021-08-23"
"Numberblocks: Season 3: Twenty","2021-08-23"
"Numberblocks: Season 3: Nineteen","2021-08-23"
"Numberblocks: Season 3: Loop the Loop","2021-08-23"
"Numberblocks: Season 3: Eighteen","2021-08-23"
"Shanghai Fortress","2021-08-22"
"Inception","2021-08-20"
"Hong Kong West Side Stories: Season 1: Missing Love Chances","2021-08-20"
"Hong Kong West Side Stories: Season 1: Gym Men in the Dream","2021-08-20"
"Numberblocks: Season 3: Seventeen","2021-08-20"
"Numberblocks: Season 3: Square Club","2021-08-20"
"Numberblocks: Season 3: Sixteen","2021-08-20"
"Numberblocks: Season 3: Balancing Bridge","2021-08-20"
"Numberblocks: Season 3: Ten's Place","2021-08-20"
"Numberblocks: Season 3: On Your Head","2021-08-20"
"Numberblocks: Season 3: Fifteen's Minute of Fame","2021-08-20"
"Numberblocks: Season 3: Step Squads","2021-08-20"
"Numberblocks: Season 3: Tween Scenes","2021-08-20"
"Numberblocks: Season 3: Fifteen","2021-08-20"
"Numberblocks: Season 3: Fourteen","2021-08-20"
"Numberblocks: Season 3: Thirteen","2021-08-20"
"Dynasty Warriors","2021-08-20"
"Anna","2021-08-17"
"Unknown","2021-08-16"
"The Vault","2021-08-15"
"Swiped","2021-08-15"
"The Girl Next Door","2021-08-15"
"Men in Black: International","2021-08-15"
"Top Secret UFO Projects: Declassified: Season 1: The White House Cover-Up","2021-08-15"
"Top Secret UFO Projects: Declassified: Season 1: Project Blue Book Unknown","2021-08-14"
"Numberblocks: Season 3: Block Star","2021-08-11"
"Numberblocks: Season 3: Ride the Rays","2021-08-11"
"Numberblocks: Season 3: The Way of the Rectangle","2021-08-11"
"Numberblocks: Season 3: Twelve","2021-08-11"
"Numberblocks: Season 3: Eleven","2021-08-11"
"Numberblocks: Season 2: The Wrong Number","2021-08-11"
"Numberblocks: Season 2: Mirror, Mirror","2021-08-11"
"Numberblocks: Season 2: The Legend of Big Turn","2021-08-11"
"Numberblocks: Season 2: Pattern Palace","2021-08-11"
"Numberblocks: Season 2: Flatland","2021-08-11"
"Numberblocks: Season 1: Three","2021-08-09"
"Numberblocks: Season 1: Two","2021-08-09"
"Numberblocks: Season 1: Another One","2021-08-09"
"Numberblocks: Season 1: One","2021-08-09"
"Love Is Blind: Season 1: After the Altar: Celebrations and Confrontations","2021-08-05"
"Love Is Blind: Season 1: First Night Together","2021-08-04"
"Love Is Blind: Season 1: Will You Marry Me?","2021-08-04"
"Love Is Blind: Season 1: Is Love Blind?","2021-08-04"
"Numberblocks: Season 5: Sixty's High Score","2021-08-04"
"Numberblocks: Season 5: One Thousand and One","2021-08-02"
"Numberblocks: Season 5: One Hundred","2021-08-02"
"Numberblocks: Season 5: The Big One","2021-08-02"
"Manifest: Season 2: Emergency Exit","2021-08-01"
"Manifest: Season 2: Return Trip","2021-08-01"
"Manifest: Season 2: Coordinated Flight","2021-08-01"
"Manifest: Season 2: Airplane Bottles","2021-08-01"
"Numberblocks: Season 4: Fifty","2021-08-01"
"Numberblocks: Season 4: Land of the Giants","2021-08-01"
"Numberblocks: Season 4: Thirty's Big Top","2021-08-01"
"Numberblocks: Season 4: We're Going on a Square Hunt","2021-08-01"
"Numberblocks: Season 5: More to Explore","2021-08-01"
"Manifest: Season 2: Black Box","2021-07-30"
"Manifest: Season 2: False Horizon","2021-07-30"
"Manifest: Season 2: Grounded","2021-07-30"
"Manifest: Season 2: Fasten Your Seatbelts","2021-07-28"
"Dragon: The Bruce Lee Story","2021-07-27"
"Hong Kong West Side Stories: Season 1: When they met in Taipei (part 2)","2021-07-26"
"Manifest: Season 1: Estimated Time of Departure","2021-07-25"
"Manifest: Season 1: Contrails","2021-07-24"
"Manifest: Season 1: Crosswinds","2021-07-22"
"Manifest: Season 1: Dead Reckoning","2021-07-22"
"Manifest: Season 1: Point of No Return","2021-07-21"
"Manifest: Season 1: S.N.A.F.U.","2021-07-21"
"Manifest: Season 1: Off Radar","2021-07-21"
"Manifest: Season 1: Connecting Flights","2021-07-19"
"Manifest: Season 1: Unclaimed Baggage","2021-07-18"
"SDU: Sex Duties Unit","2021-07-09"
"Break Up 100","2021-07-09"
"The Naked Director: Season 1: Don't Dream It's Over","2021-07-08"
"Prison Break: Season 1: The Key","2021-07-06"
"The Rational Life: Season 1: Episode 4","2021-07-05"
"Black Mirror: Season 3: Playtest","2021-07-04"
"The Naked Director: Season 1: Delusions of Grandeur","2021-07-02"
"The Naked Director: Season 1: Blossoming","2021-07-01"
"The Rational Life: Season 1: Episode 3","2021-06-30"
"The Rational Life: Season 1: Episode 2","2021-06-30"
"She's the Man","2021-06-30"
"The Naked Director: Season 1: The Real Thing","2021-06-30"
"The Naked Director: Season 1: Shake Things Up","2021-06-29"
"The Naked Director: Season 1: Uncensored","2021-06-29"
"The Rational Life: Season 1: Episode 1","2021-06-28"
"The Naked Director: Season 1: The Hidden Side","2021-06-27"
"Harold & Kumar Go to White Castle","2021-06-26"
"StartUp: Season 3: Rebranding","2021-06-24"
"StartUp: Season 2: Soul Proprietor","2021-06-23"
"StartUp: Season 2: Leverage","2021-06-23"
"Harold & Kumar Escape from Guantanamo Bay","2021-06-22"
"StartUp: Season 2: Early Adopters","2021-06-22"
"StartUp: Season 2: Loss","2021-06-18"
"StartUp: Season 2: Pivot","2021-06-18"
"StartUp: Season 2: Liabilities","2021-06-18"
"StartUp: Season 2: Opportunity Cost","2021-06-18"
"StartUp: Season 2: Growth Hacking","2021-06-18"
"Interstellar","2021-06-15"
"StartUp: Season 2: Bleeding Edge","2021-06-09"
"StartUp: Season 2: Disruption","2021-06-09"
"StartUp: Season 1: Recapitalization","2021-06-08"
"StartUp: Season 1: Hostile Takeover","2021-06-07"
"StartUp: Season 1: Pro Rata","2021-06-07"
"StartUp: Season 1: Valuation","2021-06-03"
"StartUp: Season 1: Bootstrapped","2021-06-03"
"StartUp: Season 1: Buyout","2021-06-02"
"StartUp: Season 1: Angel Investor","2021-06-02"
"Take Your Pills","2021-05-31"
"Inside Bill's Brain: Decoding Bill Gates: Limited Series: Part 1","2021-05-31"
"Black Mirror: Season 4: USS Callister","2021-05-28"
"StartUp: Season 1: Proof of Concept","2021-05-28"
"StartUp: Season 1: Ground Floor","2021-05-26"
"StartUp: Season 1: Seed Money","2021-05-26"
"Army of the Dead","2021-05-21"
"Law School: Season 1: Episode 1","2021-05-21"
"Explained: Season 1: Why Diets Fail","2021-05-20"
"Explained: Season 1: Cryptocurrency","2021-05-20"
"Explained: Season 2: Beauty","2021-05-20"
"Explained: Season 2: Pirates","2021-05-20"
"Explained: Season 2: Coding","2021-05-20"
"The Great Hack","2021-05-20"
"Vincenzo: Season 1: Episode 3","2021-05-03"
"Sword Art Online: The Red-Nosed Reindeer","2021-04-14"
"Sword Art Online: Beater","2021-04-14"
"Sword Art Online: The World of Swords","2021-04-14"
"Suits: Season 7: 100","2021-04-12"
"Suits: Season 6: Turn","2021-04-12"
"Men on a Mission: 2018: Episode 10","2021-04-11"
"Men on a Mission: 2021: 2021-01-16","2021-04-11"
"Chief of Staff: Season 1: Episode 4","2021-04-11"
"13 Reasons Why: Season 3: You Can Tell the Heart of a Man by How He Grieves","2021-03-31"
"13 Reasons Why: Season 3: Nobody's Clean","2021-03-31"
"13 Reasons Why: Season 3: Angry, Young and Man","2021-03-31"
"13 Reasons Why: Season 3: The Good Person Is Indistinguishable from the Bad","2021-03-30"
"13 Reasons Why: Season 3: If You're Breathing, You're a Liar","2021-03-26"
"13 Reasons Why: Season 3: Yeah. I'm the New Girl","2021-03-26"
"It's Okay to Not Be Okay: Season 1: Rapunzel and the Cursed Castle","2021-03-24"
"It's Okay to Not Be Okay: Season 1: Zombie Kid","2021-03-24"
"Skylines","2021-03-21"
"The Package","2021-03-21"
"The To Do List","2021-03-21"
"Sex Education: Season 1: Episode 2","2021-03-21"
"White Girl","2021-03-21"
"Vincenzo: Season 1: Episode 2","2021-03-19"
"Vincenzo: Season 1: Episode 1","2021-03-19"
"Start-Up: Season 1: Key Man","2021-03-11"
"Oblivion","2021-03-07"
"Start-Up: Season 1: Backup","2021-03-07"
"Doctor Strange","2021-03-02"
"13 Reasons Why: Season 2: Bye","2021-03-01"
"Start-Up: Season 1: Burn Rate","2021-02-28"
"13 Reasons Why: Season 2: The Box of Polaroids","2021-02-28"
"13 Reasons Why: Season 2: Bryce and Chloe","2021-02-27"
"13 Reasons Why: Season 2: Smile, Bitches","2021-02-27"
"13 Reasons Why: Season 2: The Missing Page","2021-02-27"
"13 Reasons Why: Season 2: The Little Girl","2021-02-27"
"13 Reasons Why: Season 2: The Third Polaroid","2021-02-27"
"13 Reasons Why: Season 2: The Smile at the End of the Dock","2021-02-27"
"13 Reasons Why: Season 2: The Chalk Machine","2021-02-26"
"13 Reasons Why: Season 2: The Second Polaroid","2021-02-22"
"Monster Run","2021-02-21"
"Breaking Bad: Season 5: Hazard Pay","2021-02-20"
"13 Reasons Why: Season 2: The Drunk Slut","2021-02-20"
"Crash Landing on You: Season 1: Episode 16","2021-02-20"
"13 Reasons Why: Season 2: Two Girls Kissing","2021-02-19"
"13 Reasons Why: Season 2: The First Polaroid","2021-02-19"
"13 Reasons Why: Season 1: Tape 7, Side A","2021-02-18"
"13 Reasons Why: Season 1: Tape 6, Side B","2021-02-18"
"Riverdale: Season 1: Chapter Two: Touch of Evil","2021-02-18"
"Riverdale: Season 1: Chapter One: The River's Edge","2021-02-18"
"13 Reasons Why: Season 1: Tape 6, Side A","2021-02-17"
"13 Reasons Why: Season 1: Tape 5, Side B","2021-02-17"
"13 Reasons Why: Season 1: Tape 5, Side A","2021-02-17"
"13 Reasons Why: Season 1: Tape 4, Side B","2021-02-17"
"13 Reasons Why: Season 1: Tape 4, Side A","2021-02-16"
"13 Reasons Why: Season 1: Tape 3, Side B","2021-02-16"
"13 Reasons Why: Season 1: Tape 3, Side A","2021-02-16"
"13 Reasons Why: Season 1: Tape 2, Side B","2021-02-16"
"13 Reasons Why: Season 1: Tape 2, Side A","2021-02-16"
"13 Reasons Why: Season 1: Tape 1, Side B","2021-02-15"
"13 Reasons Why: Season 1: Tape 1, Side A","2021-02-15"
"Suits: Season 3: Shadow of a Doubt","2021-02-15"
"To All the Boys: Always and Forever - The Afterparty","2021-02-14"
"To All The Boys: Always And Forever","2021-02-14"
"Breaking Bad: Season 5: Madrigal","2021-02-13"
"Breaking Bad: Season 5: Live Free Or Die","2021-02-12"
"Breaking Bad: Season 4: Face Off","2021-02-12"
"Cobra Kai: Season 3: December 19","2021-02-12"
"Cobra Kai: Season 3: Feel the Night","2021-02-12"
"Breaking Bad: Season 4: Crawl Space","2021-02-11"
"Breaking Bad: Season 4: End Times","2021-02-11"
"Cobra Kai: Season 3: The Good, The Bad, and The Badass","2021-02-11"
"Cobra Kai: Season 3: Obstáculos","2021-02-11"
"The Late Bloomer","2021-02-10"
"Rough Night","2021-02-10"
"Breaking Bad: Season 4: Salud","2021-02-10"
"Cobra Kai: Season 3: King Cobra","2021-02-10"
"Cobra Kai: Season 3: Miyagi-Do","2021-02-10"
"Breaking Bad: Season 4: Bug","2021-02-10"
"Cobra Kai: Season 3: The Right Path","2021-02-09"
"Cobra Kai: Season 3: Now You’re Gonna Pay","2021-02-08"
"Cobra Kai: Season 3: Nature Vs. Nurture","2021-02-08"
"Cobra Kai: Season 3: Aftermath","2021-02-08"
"Ronin","2021-02-07"
"Breaking Bad: Season 4: Hermanos","2021-02-07"
"Cobra Kai: Season 2: No Mercy","2021-02-07"
"Cobra Kai: Season 2: Pulpo","2021-02-07"
"Cobra Kai: Season 2: Glory of Love","2021-02-07"
"Cobra Kai: Season 2: Lull","2021-02-07"
"Cobra Kai: Season 2: Take a Right","2021-02-07"
"Cobra Kai: Season 2: All In","2021-02-07"
"Cobra Kai: Season 2: The Moment of Truth","2021-02-07"
"Breaking Bad: Season 4: Problem Dog","2021-02-06"
"Breaking Bad: Season 4: Cornered","2021-02-06"
"Breaking Bad: Season 4: Shotgun","2021-02-06"
"Cobra Kai: Season 2: Fire and Ice","2021-02-06"
"Cobra Kai: Season 2: Back in Black","2021-02-06"
"Cobra Kai: Season 2: Mercy, Part II","2021-02-06"
"Cobra Kai: Season 1: Mercy","2021-02-06"
"Cobra Kai: Season 1: Different But Same","2021-02-06"
"Cobra Kai: Season 1: Molting","2021-02-06"
"Breaking Bad: Season 4: Bullet Points","2021-02-05"
"Breaking Bad: Season 4: Open House","2021-02-05"
"Breaking Bad: Season 4: Thirty-Eight Snub","2021-02-04"
"Cobra Kai: Season 1: All Valley","2021-02-04"
"Cobra Kai: Season 1: Quiver","2021-02-04"
"Cobra Kai: Season 1: Counterbalance","2021-02-04"
"Cobra Kai: Season 1: Strike First","2021-02-04"
"Cobra Kai: Season 1: Ace Degenerate","2021-02-04"
"Cobra Kai: Season 1: Cobra Kai Never Dies","2021-02-04"
"Breaking Bad: Season 4: Box Cutter","2021-02-04"
"Breaking Bad: Season 3: Full Measure","2021-02-03"
"Breaking Bad: Season 3: Half Measures","2021-02-03"
"Breaking Bad: Season 3: Abiquiu","2021-02-03"
"Breaking Bad: Season 3: Fly","2021-02-02"
"Breaking Bad: Season 3: Kafkaesque","2021-02-02"
"Breaking Bad: Season 3: I See You","2021-02-02"
"Breaking Bad: Season 2: Over","2021-02-02"
"Breaking Bad: Season 3: One Minute","2021-02-01"
"Breaking Bad: Season 3: Sunset","2021-02-01"
"Breaking Bad: Season 3: Mas","2021-02-01"
"Breaking Bad: Season 3: Green Light","2021-02-01"
"Breaking Bad: Season 3: I.F.T.","2021-02-01"
"Breaking Bad: Season 3: Caballo Sin Nombre","2021-01-31"
"Breaking Bad: Season 3: No Más","2021-01-30"
"Breaking Bad: Season 2: ABQ","2021-01-30"
"Breaking Bad: Season 2: Phoenix","2021-01-30"
"Breaking Bad: Season 2: Mandala","2021-01-30"
"Breaking Bad: Season 2: 4 Days Out","2021-01-29"
"Breaking Bad: Season 2: Better Call Saul","2021-01-28"
"Breaking Bad: Season 2: Negro y Azul","2021-01-28"
"Breaking Bad: Season 2: Peekaboo","2021-01-28"
"Breaking Bad: Season 2: Breakage","2021-01-27"
"Breaking Bad: Season 2: Down","2021-01-27"
"Breaking Bad: Season 2: Bit by a Dead Bee","2021-01-27"
"Breaking Bad: Season 2: Grilled","2021-01-26"
"Breaking Bad: Season 2: Seven Thirty-Seven","2021-01-26"
"Lucy","2021-01-25"
"Breaking Bad: Season 1: A No-Rough-Stuff-Type Deal","2021-01-25"
"Breaking Bad: Season 1: Crazy Handful of Nothin'","2021-01-25"
"Breaking Bad: Season 1: Gray Matter","2021-01-25"
"Breaking Bad: Season 1: Cancer Man","2021-01-25"
"Breaking Bad: Season 1: And the Bag's in the River","2021-01-24"
"Breaking Bad: Season 1: The Cat's in the Bag","2021-01-24"
"Breaking Bad: Season 1: Pilot","2021-01-24"
"The Queen's Gambit: Limited Series: Fork","2021-01-23"
"Sex Drive","2021-01-23"
"Tomb Raider","2021-01-23"
"The Mummy","2021-01-23"
"The Queen's Gambit: Limited Series: Middle Game","2021-01-21"
"The Queen's Gambit: Limited Series: Doubled Pawns","2021-01-21"
"I Am Mother","2021-01-20"
"The Queen's Gambit: Limited Series: Exchanges","2021-01-20"
"The Queen's Gambit: Limited Series: Openings","2021-01-20"
"Mission: Impossible - Ghost Protocol","2021-01-19"
"Mission: Impossible III","2021-01-19"
"Love Off the Cuff","2021-01-18"
"The Mummy Returns","2021-01-16"
"All's Well, End's Well (2009)","2021-01-10"
"The Great Magician","2021-01-10"
"Love on Delivery","2021-01-09"
"Justice, My Foot!","2021-01-09"
"Start-Up: Season 1: Risk","2021-01-08"
"Start-Up: Season 1: Exit","2021-01-08"
"Start-Up: Season 1: Demo Day","2021-01-08"
"Start-Up: Season 1: START-UP","2021-01-08"
"Sweet Home: Season 1: Episode 3","2021-01-07"
"Sweet Home: Season 1: Episode 2","2021-01-06"
"Sweet Home: Season 1: Episode 1","2021-01-05"
"Blended","2021-01-03"
"Jumanji","2020-12-31"
" ","2020-12-29"
"The Avengers","2020-12-29"
"Dredd","2020-12-29"
"PAW Patrol: Season 7: Mighty Pups Charged Up: Pups Stop a Humdinger Horde / Mighty Pups Charged Up: Pups Save a Mighty Lighthouse","2020-12-28"
"The Christmas Chronicles: Part Two","2020-12-27"
"Operation Christmas Drop","2020-12-27"
"Erased","2020-12-26"
"Alice in Borderland: Season 1: Episode 7","2020-12-24"
"Alice in Borderland: Season 1: Episode 6","2020-12-24"
"Alice in Borderland: Season 1: Episode 5","2020-12-24"
"Alice in Borderland: Season 1: Episode 4","2020-12-23"
"Alice in Borderland: Season 1: Episode 3","2020-12-23"
"Alice in Borderland: Season 1: Episode 2","2020-12-23"
"Beyond Skyline","2020-12-23"
"Guest House","2020-12-23"
"Holidate","2020-12-22"
"A California Christmas","2020-12-20"
"Christmas with the Kranks","2020-12-20"
"Dragons: Rescue Riders: Huttsgalor Holiday","2020-12-19"
"Marvel Super Hero Adventures: Frost Fight!","2020-12-19"
"Mean Girls","2020-12-19"
"The Legend of Bruce Lee: Season 1: Episode 1","2020-12-13"
"Meteor Garden: Season 1: Episode 18","2020-12-12"
"Death Wish (2018)","2020-12-12"
"Mad World","2020-12-12"
"Start-Up: Season 1: Scale Up","2020-12-10"
"Start-Up: Season 1: MVP (Minimum Viable Product)","2020-12-10"
"Meteor Garden: Season 1: Episode 17","2020-12-08"
"Meteor Garden: Season 1: Episode 16","2020-12-08"
"Burning","2020-12-05"
"Strangers From Hell: Season 1: Episode 8","2020-12-03"
"Strangers From Hell: Season 1: Episode 9","2020-12-03"
"We're the Millers","2020-12-02"
"Start-Up: Season 1: Elevator Speech","2020-11-29"
"Start-Up: Season 1: Comfort Zone","2020-11-29"
"Drink Drank Drunk","2020-11-27"
"The Hangover: Part III","2020-11-27"
"Start-Up: Season 1: FAMILY, FRIENDS, FOOLS","2020-11-25"
"Start-Up: Season 1: Acqhire","2020-11-25"
"Triumph in the Skies","2020-11-20"
"Kim's Convenience: Season 1: Gay Discount","2020-11-19"
"Suits: Season 1: Undefeated","2020-11-18"
"Suits: Season 1: Dirty Little Secrets","2020-11-18"
"Suits: Season 2: Break Point","2020-11-18"
"Suits: Season 2: Discovery","2020-11-18"
"Suits: Season 2: Meet the New Boss","2020-11-18"
"Suits: Season 2: The Choice","2020-11-18"
"Suits: Season 2: She Knows","2020-11-18"
"Suits: Season 1: Dog Fight","2020-11-18"
"Suits: Season 1: Rules of the Game","2020-11-18"
"Suits: Season 1: The Shelf Life","2020-11-18"
"Suits: Season 1: Identity Crisis","2020-11-18"
"Suits: Season 1: Play the Man","2020-11-18"
"Suits: Season 1: Tricks of the Trade","2020-11-18"
"Suits: Season 1: Bail Out","2020-11-18"
"Suits: Season 4: Fork in the Road","2020-11-18"
"Suits: Season 5: Compensation","2020-11-18"
"Suits: Season 7: Hard Truths","2020-11-17"
"Suits: Season 7: Donna","2020-11-17"
"Suits: Season 5: No Refills","2020-11-17"
"Suits: Season 5: Uninvited Guests","2020-11-16"
"Suits: Season 5: Mea Culpa","2020-11-16"
"Suits: Season 5: No Puedo Hacerlo","2020-11-16"
"Start-Up: Season 1: Angel","2020-11-15"
"The Good Shepherd","2020-11-14"
"Suits: Season 5: Denial","2020-11-13"
"Suits: Season 4: Not Just a Pretty Face","2020-11-13"
"Suits: Season 4: Intent","2020-11-13"
"Suits: Season 4: Derailed","2020-11-13"
"Suits: Season 9: Prisoner's Dilemma","2020-11-13"
"Suits: Season 7: Good-Bye","2020-11-13"
"Suits: Season 7: Tiny Violin","2020-11-13"
"Suits: Season 7: Pulling the Goalie","2020-11-13"
"Suits: Season 7: Inevitable","2020-11-13"
"Suits: Season 7: Bad Man","2020-11-13"
"Suits: Season 1: Inside Track","2020-11-11"
"Suits: Season 1: Errors and Omissions","2020-11-11"
"The Mad Monk","2020-11-10"
"House of Cards: Season 1: Chapter 2","2020-11-10"
"House of Cards: Season 1: Chapter 1","2020-11-09"
"Start-Up: Season 1: Sandbox","2020-11-05"
"Suits: Season 2: Blind-Sided","2020-11-05"
"Suits: Season 2: High Noon","2020-11-05"
"Suits: Season 7: Full Disclosure","2020-11-05"
"Suits: Season 7: Home to Roost","2020-11-05"
"Suits: Season 7: Brooklyn Housing","2020-11-04"
"Suits: Season 7: Divide and Conquer","2020-11-04"
"Suits: Season 7: Mudmare","2020-11-04"
"Suits: Season 7: The Statue","2020-11-03"
"Private Lives: Season 1: Episode 5","2020-11-02"
"Private Lives: Season 1: Episode 4","2020-11-02"
"Paw Patrol: Ready, Race, Rescue","2020-11-01"
"17 Again","2020-10-30"
"Suits: Season 3: She's Mine","2020-10-30"
"Suits: Season 3: The Other Time","2020-10-30"
"The 100: Season 1: Twilight's Last Gleaming","2020-10-29"
"The 100: Season 1: His Sister's Keeper","2020-10-29"
"The 100: Season 1: Contents Under Pressure","2020-10-29"
"The 100: Season 1: Day Trip","2020-10-29"
"The 100: Season 1: I Am Become Death","2020-10-29"
"The 100: Season 1: The Calm","2020-10-29"
"The 100: Season 1: We Are Grounders: Part II","2020-10-29"
"The 100: Season 1: We Are Grounders: Part I","2020-10-29"
"The 100: Season 1: Unity Day","2020-10-29"
"The 100: Season 2: The 48","2020-10-29"
"Suits: Season 2: He's Back","2020-10-27"
"Suits: Season 3: Heartburn","2020-10-27"
"Suits: Season 2: Asterisk","2020-10-27"
"Suits: Season 6: Admission of Guilt","2020-10-27"
"Suits: Season 7: Skin in the Game","2020-10-27"
"Suits: Season 6: Teeth, Nose, Teeth","2020-10-27"
"Suits: Season 6: The Painting","2020-10-26"
"Suits: Season 6: She's Gone","2020-10-26"
"Prison Break: Season 1: Bluff","2020-10-25"
"Prison Break: Season 1: By the Skin and the Teeth","2020-10-25"
"Suits: Season 9: One Last Con","2020-10-20"
"Suits: Season 6: Character and Fitness","2020-10-20"
"Suits: Season 2: Rewind","2020-10-20"
"Inheritance","2020-10-19"
"Private Lives: Season 1: Episode 3","2020-10-19"
"Suits: Season 2: Blood in the Water","2020-10-15"
"Suits: Season 2: All In","2020-10-15"
"Suits: Season 2: Sucker Punch","2020-10-15"
"Suits: Season 4: This Is Rome","2020-10-14"
"Suits: Season 4: Gone","2020-10-14"
"Strangers From Hell: Season 1: Episode 7","2020-10-14"
"Strangers From Hell: Season 1: Episode 6","2020-10-14"
"Strangers From Hell: Season 1: Episode 10","2020-10-14"
"Strangers From Hell: Season 1: Episode 3","2020-10-14"
"Strangers From Hell: Season 1: Episode 4","2020-10-14"
"OCTB: Season 1: Episode 24","2020-10-13"
"OCTB: Season 1: Episode 23","2020-10-13"
"OCTB: Season 1: Episode 22","2020-10-13"
"OCTB: Season 1: Episode 21","2020-10-13"
"OCTB: Season 1: Episode 20","2020-10-13"
"OCTB: Season 1: Episode 19","2020-10-13"
"OCTB: Season 1: Episode 18","2020-10-13"
"OCTB: Season 1: Episode 26","2020-10-13"
"OCTB: Season 1: Episode 25","2020-10-13"
"OCTB: Season 1: Episode 30","2020-10-13"
"Suits: Season 4: Exposure","2020-10-13"
"Suits: Season 4: We're Done","2020-10-13"
"Terrace House: Boys & Girls in the City: Part 1: Three Crushes","2020-10-12"
"Mission: Impossible - Fallout","2020-10-11"
"Expedition China","2020-10-10"
"Spy Kids: Mission Critical: Season 1: Mission Critical","2020-10-10"
"Spy Kids","2020-10-10"
"Suits: Season 5: Live to Fight...","2020-10-09"
"The Imitation Game","2020-10-08"
"Passengers","2020-10-08"
"Only","2020-10-08"
"Suits: Season 5: Blowback","2020-10-08"
"OCTB: Season 1: Episode 29","2020-10-07"
"OCTB: Season 1: Episode 28","2020-10-07"
"OCTB: Season 1: Episode 27","2020-10-07"
"Suits: Season 1: Pilot Part 1 & 2","2020-10-07"
"Suits: Season 3: Yesterday’s Gone","2020-10-07"
"Suits: Season 3: Buried Secrets","2020-10-07"
"Suits: Season 3: Stay","2020-10-06"
"Suits: Season 3: Bad Faith","2020-10-06"
"Suits: Season 3: Endgame","2020-10-06"
"Suits: Season 4: Two in the Knees","2020-10-06"
"Suits: Season 4: Breakfast, Lunch and Dinner","2020-10-06"
"xXx: The Return of Xander Cage","2020-10-05"
"Suits: Season 3: Moot Point","2020-10-04"
"Suits: Suits (Korea): Season 1: Justice is giving back everyone what they rightfully deserve.","2020-10-04"
"Suits: Suits (Korea): Season 1: Is a sheath truly unnecessary for a knife called justice?","2020-10-04"
"Suits: Suits (Korea): Season 1: The water a cow drinks turns to milk, the water a snake drinks turns to poison.","2020-10-04"
"Suits: Suits (Korea): Season 1: To capture a hyena, carrion has to be used as bait.","2020-10-04"
"Suits: Season 4: Enough is Enough","2020-10-04"
"6 Underground","2020-10-03"
"Kick-Ass","2020-10-03"
"Tracers","2020-10-03"
"Never Back Down","2020-10-03"
"Hansel & Gretel: Witch Hunters","2020-10-03"
"Stranger: Season 1: Episode 1","2020-10-02"
"Suits: Season 4: Litt the Hell Up","2020-10-01"
"Suits: Season 4: Pound of Flesh","2020-10-01"
"Suits: Season 4: Leveraged","2020-10-01"
"Suits: Season 9: If the Shoe Fits","2020-10-01"
"Suits: Season 8: Whale Hunt","2020-10-01"
"Suits: Season 9: Thunder Away","2020-09-30"
"Suits: Season 9: Scenic Route","2020-09-30"
"Suits: Season 9: Whatever It Takes","2020-09-29"
"Suits: Season 2: Zane Vs. Zane","2020-09-29"
"Suits: Season 9: Cairo","2020-09-29"
"Suits: Season 9: Windmills","2020-09-29"
"Suits: Season 9: Special Master","2020-09-29"
"Suits: Season 8: Harvey","2020-09-28"
"Suits: Season 8: Stalking Horse","2020-09-28"
"Freaks – You're One of Us","2020-09-24"
"Shark Busters","2020-09-24"
"Suits: Season 8: Peas in a Pod","2020-09-24"
"Suits: Season 8: The Greater Good","2020-09-24"
"Accident","2020-09-24"
"Haikyu!!: The Point That Changes the Momentum","2020-09-23"
"The Hunger Games: Catching Fire","2020-09-23"
"Jurassic World: Fallen Kingdom","2020-09-22"
"Color Out of Space","2020-09-22"
"Suits: Season 5: Hitting Home","2020-09-21"
"The Defected: Season 1: Episode 1","2020-09-18"
"The Defected: Season 1: Episode 2","2020-09-18"
"The 100: Season 7: A Sort of Homecoming","2020-09-18"
"Suits: Season 5: Privilege","2020-09-18"
"The 100: Season 7: Blood Giant","2020-09-18"
"Haikyu!!: Evolution","2020-09-18"
"Suits: Season 5: Toe to Toe","2020-09-18"
"Suits: Season 4: One-Two-Three Go...","2020-09-18"
"OCTB: Season 1: Episode 17","2020-09-16"
"OCTB: Season 1: Episode 16","2020-09-16"
"OCTB: Season 1: Episode 15","2020-09-16"
"Challenger: Limited Series: Space for Everyone","2020-09-16"
"OCTB: Season 1: Episode 14","2020-09-16"
"OCTB: Season 1: Episode 11","2020-09-16"
"OCTB: Season 1: Episode 12","2020-09-16"
"Haikyu!!: Senpai's True Abilities","2020-09-16"
"Haikyu!!: Oikawa Toru is not a Genius","2020-09-16"
"Furious 7","2020-09-16"
"Jailbreak","2020-09-16"
"My Schoolmate, the Barbarian","2020-09-16"
"Furie","2020-09-16"
"The Predator","2020-09-16"
"OCTB: Season 1: Episode 13","2020-09-15"
"OCTB: Season 1: Episode 10","2020-09-14"
"OCTB: Season 1: Episode 9","2020-09-14"
"Haikyu!!: Coaches","2020-09-14"
"Haikyu!!: Guarding Your Back","2020-09-14"
"Haikyu!!: The Iron Wall","2020-09-14"
"Haikyu!!: Winners and Losers","2020-09-14"
"Haikyu!!: Revival","2020-09-14"
"Suits: Season 3: No Way Out","2020-09-13"
"Suits: Season 3: Know When to Fold 'Em","2020-09-13"
"OCTB: Season 1: Episode 8","2020-09-13"
"OCTB: Season 1: Episode 7","2020-09-13"
"OCTB: Season 1: Episode 5","2020-09-13"
"Suits: Season 2: War","2020-09-13"
"Suits: Season 2: Normandy","2020-09-13"
"Haikyu!!: Formidable Opponents","2020-09-12"
"Haikyu!!: Rival","2020-09-12"
"Haikyu!!: Reunion of cat and crow","2020-09-12"
"Haikyu!!: Decision","2020-09-12"
"Haikyu!!: Yearning","2020-09-12"
"Haikyu!!: A Toss to the Ace","2020-09-12"
"Haikyu!!: He Who Is Called Ace","2020-09-12"
"How I Met Your Mother: Season 2: Ted Mosby: Architect","2020-09-11"
"How I Met Your Mother: Season 2: Brunch","2020-09-11"
"How I Met Your Mother: Season 2: Swarley","2020-09-11"
"Haikyu!!: Versus the Great King","2020-09-11"
"Haikyu!!: An Interesting Team","2020-09-11"
"Haikyu!!: A Coward's Anxiety","2020-09-11"
"Haikyu!!: The View from the Summit","2020-09-10"
"Haikyu!!: The Formidable Ally","2020-09-10"
"Haikyu!!: Karasuno High School Volleyball Club","2020-09-09"
"Haikyu!!: The End & the Beginning","2020-09-09"
"#Alive","2020-09-09"
"Avatar: The Last Airbender: Book 1: The King of Omashu","2020-09-08"
"Avatar: The Last Airbender: Book 1: The Warriors of Kyoshi","2020-09-08"
"Men on a Mission: 2018: Episode 11","2020-09-08"
"Men on a Mission: Best of 2015-2016: Episode 19","2020-09-07"
"Men on a Mission: Best of 2015-2016: Episode 16","2020-09-07"
"Avatar: The Last Airbender: Book 1: The Southern Air Temple","2020-09-03"
"OCTB: Season 1: Episode 6","2020-09-03"
"Suits: Season 3: I Want You to Want Me","2020-08-31"
"Crash Landing on You: Season 1: Episode 6","2020-08-28"
"Crash Landing on You: Season 1: Episode 5","2020-08-28"
"Crash Landing on You: Season 1: Episode 4","2020-08-27"
"OCTB: Season 1: Episode 4","2020-08-26"
"Crash Landing on You: Season 1: Episode 3","2020-08-26"
"Crash Landing on You: Season 1: Episode 2","2020-08-26"
"3 Ninjas: Kick Back","2020-08-25"
"Gravity","2020-08-25"
"Bring it On: All or Nothing","2020-08-25"
"OCTB: Season 1: Episode 3","2020-08-25"
"OCTB: Season 1: Episode 2","2020-08-25"
"OCTB: Season 1: Episode 1","2020-08-25"
"Crash Landing on You: Season 1: Episode 1","2020-08-24"
"21 Jump Street","2020-08-24"
"Titanic","2020-08-22"
"It's Okay to Not Be Okay: Season 1: Finding The Real Face","2020-08-22"
"The 100: Season 7: The Stranger","2020-08-21"
"The 100: Season 7: Etherea","2020-08-21"
"The 100: Season 7: A Little Sacrifice","2020-08-21"
"The 100: Season 7: The Flock","2020-08-21"
"Strangers From Hell: Season 1: Episode 5","2020-08-20"
"It's Okay to Not Be Okay: Season 1: A Tale of Two Brothers","2020-08-18"
"May We Chat","2020-08-18"
"Memory Games","2020-08-17"
"Hyena: Season 1: Episode 1","2020-08-17"
"PASSENGERS","2020-08-14"
"The Social Network","2020-08-14"
"It's Okay to Not Be Okay: Season 1: The Hand, The Monkfish","2020-08-13"
"It's Okay to Not Be Okay: Season 1: The Father of the Two Sisters","2020-08-12"
"It's Okay to Not Be Okay: Season 1: Romeo and Juliet","2020-08-11"
"Down to Earth with Zac Efron: Season 1: Lima","2020-08-10"
"It's Okay to Not Be Okay: Season 1: The Ugly Duckling","2020-08-09"
"It's Okay to Not Be Okay: Season 1: The Lady In Red Shoes","2020-08-08"
"It's Okay to Not Be Okay: Season 1: The Boy Who Fed On Nightmares","2020-08-07"
"It's Okay to Not Be Okay: Season 1: The Girl Who Cried Wolf","2020-08-07"
"It's Okay to Not Be Okay: Season 1: King Donkey Ears","2020-08-07"
"Itaewon Class: Season 1: Episode 1","2020-08-05"
"It's Okay to Not Be Okay: Season 1: Sleeping Witch","2020-08-05"
"It's Okay to Not Be Okay: Season 1: Bluebeard’s Secret","2020-08-05"
"It's Okay to Not Be Okay: Season 1: The Cheerful Dog","2020-08-05"
"It's Okay to Not Be Okay: Season 1: Beauty and the Beast","2020-08-03"
"Blumhouse's Truth or Dare: Extended Director's Cut","2020-08-03"
"Ip Man 4: The Finale","2020-08-01"
"Terrace House: Tokyo 2019-2020: Part 3: Half Blue","2020-07-27"
"An Inspector Calls","2020-07-25"
"The Old Guard","2020-07-25"
"Down to Earth with Zac Efron: Season 1: Iceland","2020-07-24"
"Replicas","2020-07-24"
"Terrace House: Tokyo 2019-2020: Part 2: All or Nothing","2020-07-23"
"The 100: Season 7: Anaconda","2020-07-22"
"Strangers From Hell: Season 1: Episode 2","2020-07-22"
"The Meg","2020-07-18"
"47 Metres Down","2020-07-17"
"Flight","2020-07-17"
"Strangers From Hell: Season 1: Episode 1","2020-07-16"
"Forgotten","2020-07-14"
"The 100: Season 7: The Queen's Gambit","2020-07-14"
"The 100: Season 7: Nakara","2020-07-13"
"The 100: Season 7: False Gods","2020-07-13"
"Terrace House: Aloha State: Part 1: Taste of Catfish on the First Date","2020-07-13"
"The 100: Season 7: Welcome to Bardo","2020-07-10"
"The 100: Season 7: Hesperides","2020-07-10"
"Young Tiger","2020-07-10"
"Terrace House: Tokyo 2019-2020: Part 3: Not Guilty","2020-07-07"
"Terrace House: Tokyo 2019-2020: Part 3: About Love","2020-07-07"
"Rush Hour 3","2020-06-26"
"Once a Gangster","2020-06-26"
"Once Upon a Time in Mexico","2020-06-26"
"Suits: Season 6: P.S.L.","2020-06-23"
"Suits: Season 3: Unfinished Business","2020-06-22"
"J-Style Trip: Season 1: Gold Coast (II)","2020-06-17"
"J-Style Trip: Season 1: Gold Coast (I)","2020-06-17"
"Suits: Season 3: The Arrangement","2020-06-16"
"Suits: Season 6: Borrowed Time","2020-06-14"
"NOVA: Prediction by the Numbers","2020-06-13"
"The Fast and the Furious: Tokyo Drift","2020-06-13"
"Money Heist: Part 3: Boom, Boom, Ciao","2020-06-12"
"Money Heist: Part 3: Everything Seemed Insignificant","2020-06-11"
"Dragons' Den: Season 11: Episode 3","2020-06-09"
"Dragons' Den: Season 11: Episode 2","2020-06-09"
"Dragons' Den: Season 11: Episode 1","2020-06-09"
"Money Heist: Part 3: It's Dolphin Time","2020-06-08"
"The Founder","2020-06-08"
"Escape Room","2020-06-08"
"The 100: Season 7: The Garden","2020-06-06"
"The 100: Season 7: From the Ashes","2020-06-06"
"Money Heist: Part 3: 48 Meters Underground","2020-06-06"
"Money Heist: Part 3: Aikido","2020-06-06"
"Money Heist: Part 3: We're Back","2020-06-05"
"Money Heist: Part 2: Episode 9","2020-06-05"
"Money Heist: Part 2: Episode 8","2020-06-05"
"Money Heist: Part 2: Episode 7","2020-06-05"
"Money Heist: Part 2: Episode 6","2020-06-04"
"Prison Break: Season 1: The Rat","2020-06-04"
"Prison Break: Season 1: End of the Tunnel","2020-06-04"
"Prison Break: Season 1: Odd Man Out","2020-06-04"
"Prison Break: Season 5: Ogygia","2020-06-04"
"Money Heist: Part 2: Episode 5","2020-06-03"
"The Interpreter","2020-06-03"
"Money Heist: Part 2: Episode 4","2020-06-03"
"Money Heist: Part 2: Episode 3","2020-06-02"
"Money Heist: Part 2: Episode 2","2020-06-01"
"Money Heist: Part 2: Episode 1","2020-06-01"
"Arrival","2020-06-01"
"Casino Tycoon","2020-05-31"
"Money Heist: Part 1: Episode 11","2020-05-31"
"Perdida","2020-05-31"
"Happy Feet","2020-05-31"
"The Flying Guillotine","2020-05-31"
"The Walk","2020-05-31"
"A Walk Among the Tombstones","2020-05-31"
"Resident Evil: The Final Chapter","2020-05-31"
"Neon Genesis Evangelion: Season 1: Unfamiliar Ceilings","2020-05-31"
"Neon Genesis Evangelion: Season 1: Angel Attack","2020-05-30"
"Money Heist: Part 1: Episode 10","2020-05-29"
"Money Heist: Part 1: Episode 1","2020-05-29"
"Money Heist: Part 1: Episode 9","2020-05-27"
"Twins Mission","2020-05-27"
"Monster-in-Law","2020-05-27"
"Money Heist: Part 1: Episode 8","2020-05-26"
"Money Heist: Part 1: Episode 7","2020-05-26"
"Money Heist: Part 1: Episode 6","2020-05-25"
"Ocean's Twelve","2020-05-25"
"Smokin' Aces","2020-05-25"
"Bird Box","2020-05-25"
"Into the Night: Season 1: Sylvie","2020-05-25"
"The Platform","2020-05-25"
"Shutter Island","2020-05-25"
"Money Heist: Part 1: Episode 5","2020-05-25"
"Money Heist: Part 1: Episode 4","2020-05-25"
"Selling Sunset: Season 2: Let the Real Estate Games Begin","2020-05-24"
"Money Heist: Part 1: Episode 3","2020-05-24"
"Prison Break: Season 1: Brother's Keeper","2020-05-24"
"Non-Stop","2020-05-24"
"The World's Most Extraordinary Homes: Season 1: Underground","2020-05-24"
"Terrace House: Tokyo 2019-2020: Part 3: I Hate You","2020-05-24"
"Terrace House: Tokyo 2019-2020: Part 3: The Monster in the Hallway","2020-05-24"
"Terrace House: Tokyo 2019-2020: Part 3: Angel","2020-05-24"
"The Dark Knight","2020-05-24"
" ","2020-05-23"
"Magic for Humans: Season 3: Power Trip","2020-05-23"
"J-Style Trip: Season 1: Tokyo (I)","2020-05-23"
"Prison Break: Season 5: Progeny ","2020-05-20"
"Prison Break: Season 5: Behind the Eyes","2020-05-20"
"Prison Break: Season 1: Pilot","2020-05-20"
" : Episode 18","2020-05-20"
" : Episode 17","2020-05-20"
" : Episode 16","2020-05-20"
" : Episode 15","2020-05-20"
" : Episode 14","2020-05-20"
" : Episode 13","2020-05-20"
"J-Style Trip: Season 1: Vienna, Innsbruck","2020-05-20"
"J-Style Trip: Season 1: Taipei","2020-05-20"
"J-Style Trip: Season 1: Singapore (II)","2020-05-19"
"J-Style Trip: Season 1: Singapore (I)","2020-05-19"
"Prison Break: Season 5: Wine-Dark Sea","2020-05-18"
"Prison Break: Season 5: Phaecia ","2020-05-18"
"Prison Break: Season 5: Contingency","2020-05-18"
"Prison Break: Season 5: The Prisoner's Dilemma","2020-05-17"
"Prison Break: Season 5: The Liar","2020-05-17"
"J-Style Trip: Season 1: Paris","2020-05-17"
"Prison Break: Season 4: Killing Your Number","2020-05-17"
"Prison Break: Season 4: Rate of Exchange","2020-05-16"
"Prison Break: Season 4: Cowboys & Indians","2020-05-16"
"Prison Break: Season 4: S.O.B.","2020-05-16"
"Prison Break: Season 4: Versus","2020-05-16"
"We Are Legends","2020-05-16"
"Prison Break: Season 4: The Mother Lode","2020-05-14"
"Prison Break: Season 4: The Sunshine State","2020-05-14"
"Europa Report","2020-05-14"
"Prison Break: Season 4: Going Under","2020-05-14"
"Prison Break: Season 4: Just Business","2020-05-13"
"Prison Break: Season 4: Selfless","2020-05-13"
"The End of Evangelion","2020-05-12"
"Bleeding Steel","2020-05-11"
"Prison Break: Season 4: Quiet Riot","2020-05-10"
"Prison Break: Season 4: The Legend","2020-05-10"
"Prison Break: Season 2: Sona","2020-05-10"
"Prison Break: Season 4: Greatness Achieved","2020-05-09"
"Prison Break: Season 4: Scylla","2020-05-09"
"Prison Break: Season 4: The Price","2020-05-08"
"Prison Break: Season 4: Five the Hard Way","2020-05-08"
"Prison Break: Season 4: Blow Out","2020-05-08"
"Prison Break: Season 4: Eagles & Angels","2020-05-08"
"Limitless","2020-05-08"
"Prison Break: Season 4: Shut Down","2020-05-07"
"Prison Break: Season 4: Breaking & Entering","2020-05-06"
"Prison Break: Season 3: The Art of the Deal","2020-05-06"
" : Episode 12","2020-05-06"
" : Episode 11","2020-05-06"
" : Episode 10","2020-05-06"
" : Episode 9","2020-05-06"
" : Episode 8","2020-05-06"
"Prison Break: Season 3: Hell or High Water","2020-05-05"
"Prison Break: Season 3: Under & Out","2020-05-05"
"Prison Break: Season 3: Bang and Burn","2020-05-05"
"Prison Break: Season 3: Dirt Nap","2020-05-05"
"Prison Break: Season 3: Boxed In","2020-05-05"
"Prison Break: Season 3: Vamonos","2020-05-04"
"Prison Break: Season 3: Photo Finish","2020-05-04"
"Prison Break: Season 3: Fire / Water","2020-05-04"
"Prison Break: Season 3: Orientación","2020-05-03"
"Coronavirus, Explained: Limited Series: This Pandemic","2020-05-03"
"Turbo","2020-05-03"
"Prison Break: Season 2: Fin del Camino","2020-05-03"
"Too Hot to Handle: Season 1: Sisters over Misters","2020-05-03"
"Underworld: Awakening","2020-05-03"
"Prison Break: Season 2: Panama","2020-05-02"
"Prison Break: Season 2: Sweet Caroline","2020-05-02"
"Prison Break: Season 2: Wash","2020-05-02"
"Prison Break: Season 2: Bad Blood","2020-05-02"
"Prison Break: Season 2: Chicago","2020-05-02"
"Prison Break: Season 2: The Message","2020-05-02"
"Prison Break: Season 2: John Doe","2020-05-02"
"Prison Break: Season 2: The Killing Box","2020-05-02"
"Prison Break: Season 2: Disconnect","2020-05-02"
"Prison Break: Season 2: Bolshoi Booze","2020-05-02"
"Prison Break: Season 2: Rendezvous","2020-05-02"
"Prison Break: Season 2: Unearthed","2020-05-01"
"Prison Break: Season 2: Dead Fall","2020-05-01"
"Prison Break: Season 2: Buried","2020-05-01"
"Prison Break: Season 2: Subdivision","2020-04-30"
"Prison Break: Season 2: Map 1213","2020-04-30"
"Prison Break: Season 2: First Down","2020-04-30"
"Too Hot to Handle: Season 1: When Harry Met Francesca","2020-04-30"
"Too Hot to Handle: Season 1: Love, Sex or Money","2020-04-30"
"Too Hot to Handle: Season 1: Lust or Bust","2020-04-30"
"Prison Break: Season 2: Scan","2020-04-30"
"Prison Break: Season 2: Otis","2020-04-30"
"Prison Break: Season 2: Manhunt","2020-04-29"
"Prison Break: Season 1: Tonight","2020-04-29"
"Prison Break: Season 1: Flight","2020-04-29"
"Prison Break: Season 1: Go","2020-04-29"
"Prison Break: Season 1: J-Cat","2020-04-28"
"Prison Break: Season 1: And Then There Were 7","2020-04-27"
"Prison Break: Season 1: Sleight of Hand","2020-04-27"
"Suits: Season 6: Shake the Trees","2020-04-26"
"Prison Break: Season 1: Tweener","2020-04-26"
"Prison Break: Season 1: The Old Head","2020-04-26"
"Prison Break: Season 1: Riots, Drills and the Devil: Part 2","2020-04-26"
"Prison Break: Season 1: Riots, Drills and the Devil: Part 1","2020-04-26"
"Prison Break: Season 1: English, Fitz or Percy","2020-04-26"
"Prison Break: Season 1: Cute Poison","2020-04-26"
"Prison Break: Season 1: Cell Test","2020-04-25"
"Prison Break: Season 1: Allen","2020-04-25"
"Suits: Season 6: The Hand That Feeds You","2020-04-25"
"Suits: Season 6: Quid Pro Quo","2020-04-25"
"Ocean's 8","2020-04-22"
"The 100: Season 6: The Blood of Sanctum","2020-04-21"
"The 100: Season 6: Adjustment Protocol","2020-04-21"
"Tiger King: Dethroned","2020-04-21"
"Tiger King: The Noble Thing to Do","2020-04-21"
"Suits: Season 5: Faith","2020-04-17"
"Tiger King: Make America Exotic Again","2020-04-12"
"Tiger King: Playing with Fire","2020-04-12"
"Tiger King: The Secret","2020-04-12"
"Tiger King: Cult of Personality","2020-04-12"
"Tiger King: Not Your Average Joe","2020-04-11"
"Terrace House: Tokyo 2019-2020: Part 3: Internationalization at Once","2020-04-10"
"Terrace House: Tokyo 2019-2020: Part 3: The Girls Can't Do It","2020-04-10"
"Suits: Season 6: Trust","2020-04-08"
"Suits: Season 6: Back on the Map","2020-04-07"
"Suits: Season 6: Accounts Payable","2020-04-07"
"Suits: Season 6: To Trouble","2020-04-07"
"Ten Years","2020-04-05"
"100 Humans: Season 1: Let’s Talk About Sex","2020-03-31"
"100 Humans: Season 1: What Makes Us Attractive?","2020-03-31"
"The China Hustle","2020-03-31"
"Suits: Season 3: Conflict of Interest","2020-03-31"
"The I-Land: Limited Series: Brave New World","2020-03-31"
"Itaewon Class: Season 1: Episode 16","2020-03-30"
"Itaewon Class: Season 1: Episode 15","2020-03-30"
"Itaewon Class: Season 1: Episode 13","2020-03-30"
"Itaewon Class: Season 1: Episode 14","2020-03-30"
"Selfless","2020-03-29"
"The Commuter","2020-03-29"
"Itaewon Class: Season 1: Episode 12","2020-03-29"
"Terrace House: Opening New Doors: Part 3: Virgin","2020-03-24"
"Terrace House: Opening New Doors: Part 3: Tune-Up","2020-03-24"
"Terrace House: Opening New Doors: Part 3: Flower Bouquet for My Valentine","2020-03-24"
"Terrace House: Opening New Doors: Part 3: A Fairy on a Split Road","2020-03-24"
"Pandemic: How to Prevent an Outbreak: Season 1: Pandemic Is Now","2020-03-22"
"Pandemic: How to Prevent an Outbreak: Season 1: It Hunts Us","2020-03-22"
"Inheritors: Season 1: Episode 3","2020-03-22"
"Inheritors: Season 1: Episode 2","2020-03-22"
"Inheritors: Season 1: Episode 1","2020-03-22"
"Inheritors: Season 1: Episode 4","2020-03-22"
"Inheritors: Season 1: Episode 20","2020-03-22"
"Inheritors: Season 1: Episode 17","2020-03-22"
"Inheritors: Season 1: Episode 16","2020-03-18"
"Inheritors: Season 1: Episode 15","2020-03-18"
"Inheritors: Season 1: Episode 6","2020-03-18"
"Inheritors: Season 1: Episode 5","2020-03-17"
"Terrace House: Opening New Doors: Part 3: The Second Attempt","2020-03-17"
"Terrace House: Opening New Doors: Part 3: Sinful Cleavage","2020-03-17"
"Suits: Suits (Korea): Season 1: If you get a chance to cast the dice, just do it. Once you do it, you get at least one step forward.","2020-03-16"
"FYRE: The Greatest Party That Never Happened","2020-03-10"
"Terrace House: Opening New Doors: Part 1: A New Experience For Her","2020-03-10"
"Terrace House: Opening New Doors: Part 1: Opening New Doors","2020-03-09"
"Terrace House: Tokyo 2019-2020: Part 2: Episode 24","2020-03-07"
"Terrace House: Tokyo 2019-2020: Part 2: Friendship Between Men and Women","2020-03-07"
"Terrace House: Tokyo 2019-2020: Part 2: Tip Off","2020-03-07"
"Terrace House: Tokyo 2019-2020: Part 2: Too Shy Girl","2020-03-07"
"Terrace House: Tokyo 2019-2020: Part 2: Episode 20","2020-03-07"
"Terrace House: Tokyo 2019-2020: Part 2: The Stray Sheep","2020-03-06"
"Terrace House: Tokyo 2019-2020: Part 2: A Man's Worth is Determined By His Job","2020-03-05"
"Terrace House: Tokyo 2019-2020: Part 2: Just a Moment, Please","2020-03-05"
"A Quiet Place","2020-03-01"
" : Episode 7","2020-02-24"
" : Episode 6","2020-02-24"
"You: Season 2: A Fresh Start","2020-02-23"
"You: Season 2: Just the Tip","2020-02-23"
"Infernal Affairs","2020-02-21"
"The Midas Touch","2020-02-21"
"The Bare-Footed Kid","2020-02-20"
"Terrace House: Boys & Girls in the City: Part 1: New Boys, New Girls, New City","2020-02-19"
"The 100: Season 6: Ashes to Ashes","2020-02-10"
"A Home with A View","2020-02-09"
"Terrace House: Tokyo 2019-2020: Part 1: We're Back in Tokyo","2020-02-09"
"Terrace House: Tokyo 2019-2020: Part 1: Dreamed of Her","2020-02-09"
" : Episode 5","2020-02-04"
" : Episode 4","2020-02-01"
" : Episode 3","2020-02-01"
" : Episode 2","2020-02-01"
"Night on Earth: Limited Series: Dark Seas","2020-02-01"
"Contagion","2020-02-01"
"Into the Forest","2020-02-01"
"Terminator Genisys","2020-02-01"
"Night on Earth: Limited Series: Jungle Nights","2020-01-31"
"Night on Earth: Limited Series: Frozen Nights","2020-01-31"
" : Episode 1","2020-01-30"
"Night on Earth: Limited Series: Moonlit Plains","2020-01-30"
"Night on Earth: Shot in the Dark","2020-01-30"
"Suits: Season 4: Respect","2020-01-28"
"Explained: Season 1: The Stock Market","2020-01-27"
"Explained: Season 1: Can We Live Forever?","2020-01-27"
"Sex Education: Season 1: Episode 1","2020-01-27"
"How I Met Your Mother: Season 2: First Time in New York","2020-01-25"
"How I Met Your Mother: Season 1: Purple Giraffe","2020-01-25"
"How I Met Your Mother: Season 1: Pilot","2020-01-25"
"Explained: Season 1: The Female Orgasm","2020-01-25"
"Money Heist: Part 1: Episode 2","2020-01-21"
"Wild Kratts: Season 4: A Creature Christmas – Part 2","2020-01-15"
"Hong Kong West Side Stories: Season 1: Telepathist (part 1)","2020-01-13"
"Pokémon The Series: Indigo League: Season 1: Ash Catches a Pokémon","2020-01-12"
"Lifeline","2020-01-11"
"Pokémon The Series: Indigo League: Season 1: Pokémon Emergency","2020-01-10"
"Pokémon The Series: Indigo League: Season 1: Pokémon - I Choose You!","2020-01-10"
"Murder on The Orient Express","2020-01-09"
"The Terminal","2020-01-08"
"Shadow","2020-01-07"
"Fractured","2020-01-06"
"Hot Bot","2020-01-02"
"You: Season 2: Love, Actually","2020-01-01"
"You: Season 2: P.I. Joe","2020-01-01"
"You: Season 2: Fear and Loathing in Beverly Hills","2020-01-01"
"You: Season 2: Ex-istential Crisis","2019-12-30"
"You: Season 1: Pilot","2019-12-30"
"The Next Three Days","2019-12-29"
"PAW Patrol: Season 6: Pups Save a Melon Festival / Pups Save a Cow","2019-12-29"
"The Spy Next Door","2019-12-28"
"Our Planet: Season 1: Coastal Seas","2019-12-27"
"Peppa Pig: Season 5: Pedro the Cowboy / Peppa and George's Garden / The Flying Vet / Kylie Kangaroo","2019-12-27"
"Peppa Pig: Season 5: Naughty Tortoise / Shadows / International Day / The Rainy Day Game","2019-12-27"
"Peppa Pig: Season 5: Potato City / The New House / Basketball / Horsey Twinkle Toes","2019-12-27"
"The Little Mermaid","2019-12-27"
"PAW Patrol: Season 6: Ultimate Rescue: Pups Stop a Meltdown / Ultimate Rescue:  Pups and the Mystery of the Missing Cellphones","2019-12-27"
"PAW Patrol: Mighty Pups","2019-12-27"
"Saaho","2019-12-27"
"Jumanji: Welcome to the Jungle","2019-12-26"
"Time Trap","2019-12-23"
"Hong Kong West Side Stories: Season 1: Bunk Bed (part 2)","2019-12-19"
"Hong Kong West Side Stories: Season 1: Bunk Bed (part 1)","2019-12-18"
"Hong Kong West Side Stories: Season 1: Finding Love in Massage","2019-12-18"
"Hong Kong West Side Stories: Season 1: Mystery Girl and the Secret Place","2019-12-17"
"Hong Kong West Side Stories: Season 1: PTGF & PTBF","2019-12-17"
"How I Met Your Mother: Season 1: Okay Awesome","2019-12-12"
"Suits: Suits (Korea): Season 1: What determines the destiny is not a chance, but a choice.","2019-12-12"
"Our Planet: Season 1: Frozen Worlds","2019-12-11"
"Casino Tycoon 2","2019-12-08"
"PAW Patrol: Season 6: Pups Save the Jungle Penguins / Pups Save a Freighter","2019-12-08"
"Scary Movie 2","2019-12-01"
"The Babysitter","2019-12-01"
"The 100: Season 6: Matryoshka","2019-11-29"
"Secret","2019-11-27"
"OtherLife","2019-11-25"
" ","2019-11-24"
" ","2019-11-24"
"Klaus","2019-11-24"
"Christmas Break-In","2019-11-23"
"American Pie Presents: The Naked Mile","2019-11-22"
"Scary Movie 4","2019-11-22"
"Naruto Shippuden: Season 1: Mission Cleared","2019-11-20"
"Naruto Shippuden: Season 1: The Kazekage Stands Tall","2019-11-20"
"Naruto: Season 9: The Village of Artisans: Departure","2019-11-20"
"Suits: Season 5: Self Defense","2019-11-20"
"Naruto Shippuden: Season 1: The Jinchuriki of the Sand","2019-11-19"
"Naruto: Season 9: The Village of Artisans: The Ultimate Weapon Reborn","2019-11-19"
"Naruto: Season 9: The Village of Artisans: The Counterattack!","2019-11-19"
"Naruto: Season 9: The Village of Artisans: Sand Alliance with the Leaf Shinobi","2019-11-19"
"Naruto: Season 9: The Village of Artisans: The Targeted Shukaku","2019-11-18"
"Naruto: Season 9: A Past to Be Erased","2019-11-18"
"Naruto: Season 9: Bringing Back Reality","2019-11-18"
"Geostorm","2019-11-17"
"Naruto: Season 9: Vanished Memories","2019-11-17"
"Naruto: Season 8: The Weight of the Prized Artifact!","2019-11-17"
"The Mummy: Tomb of the Dragon Emperor","2019-11-16"
"Naruto: Season 8: The Supposed Sealed Ability","2019-11-16"
"Naruto: Season 8: Genjutsu or Reality?","2019-11-16"
"Naruto: Season 8: Kurenai's Top-Secret Mission: The Promise with the Third Hokage","2019-11-15"
"Naruto: Season 8: Yakumo's Sealed Power","2019-11-15"
"Naruto: Season 8: Kurenai's Decision: Squad 8 Left Behind","2019-11-14"
"Naruto: Season 8: The Top 5 Ninja Battles!","2019-11-14"
"Naruto: Season 8: Multiple Traps! Countdown to Destruction","2019-11-14"
"Naruto: Season 8: The Powerful Helper","2019-11-14"
"Naruto: Season 8: The Missed Target","2019-11-14"
"Naruto: Season 8: The Anbu Gives Up? Naruto's Recollection","2019-11-14"
"Naruto: Season 8: Crisis: The Hidden Leaf 11 Gather!","2019-11-13"
"Naruto: Season 8: Hot-Blooded Confrontation: Student vs. Sensei","2019-11-12"
"Naruto: Season 8: The Third Super-Beast!","2019-11-12"
"Naruto: Season 8: The Mysterious Curse of the Haunted Castle","2019-11-12"
"Naruto: Season 8: Viva Dojo Challenge! Youth Is All About Passion!","2019-11-12"
"The 100: Season 6: What You Take with You","2019-11-11"
"Naruto: Season 8: Ino Screams! Chubby Paradise!","2019-11-11"
"Naruto: Season 8: Forecast: Death! Cloudy with Chance of Sun!","2019-11-11"
"The 100: Season 6: The Old Man and the Anomaly","2019-11-10"
"Naruto: Season 8: The Byakugan Sees the Blind Spot!","2019-11-10"
"Naruto: Season 8: A Limitless Supply of Ninja Tools","2019-11-10"
"Naruto: Season 8: The Mystery of the Targeted Merchants","2019-11-10"
"Naruto: Season 8: Open for Business! The Leaf Moving Service","2019-11-10"
"Naruto: Season 7: Laughing Shino","2019-11-09"
"Fastest Car: Season 2: Honda Power","2019-11-08"
"Naruto: Season 7: A Legend from the Hidden Leaf: The Onbaa!!","2019-11-08"
"Naruto: Season 7: Kiba's Long Day","2019-11-08"
"Kill Bill: Vol. 1","2019-11-07"
"Kill Bill: Vol. 2","2019-11-07"
"Naruto: Season 7: The Star's Radiance","2019-11-07"
"Naruto: Season 7: Reunion: The Remaining Time","2019-11-07"
"The 100: Season 6: Nevermind","2019-11-03"
"Money Monster","2019-11-03"
"The 100: Season 6: Memento Mori","2019-11-02"
"The 100: Season 6: The Gospel of Josephine","2019-10-30"
"Selling Sunset: Season 1: (Real) Diamonds Are a Girl's Best Friend","2019-10-30"
"Selling Sunset: Season 1: Can't Have Your Cake and Eat It Too","2019-10-30"
"Selling Sunset: Season 1: If Looks Could Sell","2019-10-30"
"The 100: Season 6: The Face Behind the Glass","2019-10-29"
"The 100: Season 6: The Children of Gabriel","2019-10-28"
"The 100: Season 6: Red Sun Rising","2019-10-28"
"The 100: Season 6: Sanctum","2019-10-28"
"The 100: Season 5: Damocles: Part 2","2019-10-28"
"The 100: Season 5: Damocles: Part 1","2019-10-27"
"The 100: Season 5: The Dark Year","2019-10-27"
"The 100: Season 5: The Warriors Will","2019-10-26"
"The 100: Season 5: Sic Semper Tyrannis","2019-10-26"
"The 100: Season 5: How We Get to Peace","2019-10-24"
"Naruto: Season 7: The Death of Naruto","2019-10-24"
"Naruto: Season 7: Too Late for Help","2019-10-23"
"The 100: Season 5: Acceptable Losses","2019-10-23"
"Naruto: Season 7: The Tactician’s Intent","2019-10-23"
"Naruto: Season 7: The Cursed Warrior","2019-10-23"
"Naruto: Season 7: The Appearance of Strange Visitors","2019-10-23"
"The 100: Season 5: Exit Wounds","2019-10-22"
"The 100: Season 5: Shifting Sands","2019-10-22"
"The 100: Season 5: Pandora's Box","2019-10-22"
"Naruto: Season 6: The Bounty Hunter from the Wilderness","2019-10-22"
"Naruto: Season 6: Follow My Lead! The Great Survival Challenge!","2019-10-22"
"Naruto: Season 6: Run! The Curry of Life!","2019-10-21"
"Naruto: Season 6: Raiga's Counterattack","2019-10-21"
"The 100: Season 5: Sleeping Giants","2019-10-21"
"Naruto: Season 6: The Dark Creeping Clouds","2019-10-20"
"Naruto: Season 6: The Enemy of the Byakugan","2019-10-20"
"Naruto: Season 6: A Lesson Learned! The Iron Fist of Love!","2019-10-20"
"Naruto: Season 6: Funeral March for the Living","2019-10-20"
"The 100: Season 5: Red Queen","2019-10-19"
"The 100: Season 5: Eden","2019-10-19"
"Naruto: Season 6: Blaze Away, Byakugan! This Is My Ninja Way!!","2019-10-19"
"The 100: Season 4: Praimfaya","2019-10-18"
"The 100: Season 4: The Chosen","2019-10-18"
"The 100: Season 4: The Other Side","2019-10-18"
"The 100: Season 4: Die All, Die Merrily","2019-10-18"
"The 100: Season 4: DNR","2019-10-18"
"Suits: Season 6: Spain","2019-10-18"
"The 100: Season 4: God Complex","2019-10-17"
"The 100: Season 4: Gimme Shelter","2019-10-17"
"The 100: Season 4: We Will Rise","2019-10-16"
"The 100: Season 4: The Tinder Box","2019-10-16"
"The 100: Season 4: A Lie Guarded","2019-10-15"
"The 100: Season 4: The Four Horsemen","2019-10-15"
"The 100: Season 4: Heavy Lies the Crown","2019-10-14"
"The 100: Season 4: Echoes","2019-10-14"
"Naruto: Season 6: A Battle of Bugs! The Deceivers and the Deceived!","2019-10-12"
"Naruto: Season 6: What's the Difference? Don't All Insects Look Alike?","2019-10-11"
"The 100: Season 3: Finale: Perverse Instantiation: Part 2","2019-10-09"
"The 100: Season 3: Perverse Instantiation: Part 1","2019-10-09"
"The 100: Season 3: Red Sky at Morning","2019-10-09"
"The 100: Season 3: Join or Die","2019-10-08"
"The 100: Season 3: Demons","2019-10-08"
"Naruto: Season 6: The Search for the Rare Bikochu Beetle","2019-10-08"
"The 100: Season 3: Nevermore","2019-10-07"
"The 100: Season 3: Fallen","2019-10-07"
"The 100: Season 3: Stealing Fire","2019-10-07"
"Naruto: Season 6: A Clash of Fate: You Can't Bring Me Down!","2019-10-07"
"Naruto: Season 6: Orochimaru's Shadow!","2019-10-07"
"The 100: Season 3: Terms and Conditions","2019-10-07"
"The 100: Season 3: Bitter Harvest","2019-10-07"
"The 100: Season 3: Thirteen","2019-10-07"
"The 100: Season 3: Hakeldama","2019-10-06"
"The 100: Season 3: Watch the Thrones","2019-10-06"
"Our Planet: Season 1: Jungles","2019-10-05"
"Naruto: Season 6: A New Formation: Ino-Shika-Cho!","2019-10-04"
"Naruto: Season 6: A New Squad! Two People and a Dog?!","2019-10-04"
"The 100: Season 3: Ye Who Enter Here","2019-10-03"
"The 100: Season 3: Wanheda: Part 1","2019-10-03"
"The 100: Season 3: Wanheda: Part 2","2019-10-03"
"Naruto: Season 6: Tonton! I'm Counting on You!","2019-10-03"
"Naruto: Season 6: The Three Villains from the Maximum Security Prison","2019-10-03"
"The 100: Season 2: Blood Must Have Blood: Part 2","2019-10-03"
"The 100: Season 2: Blood Must Have Blood: Part 1","2019-10-03"
"The 100: Season 2: Bodyguard of Lies","2019-10-02"
"The 100: Season 2: Resurrection","2019-10-02"
"The 100: Season 2: Rubicon","2019-10-02"
"Naruto: Season 6: Sakura's Determination!","2019-10-02"
"The 100: Season 2: Coup de Grace","2019-10-02"
"The 100: Season 2: Survival of the Fittest","2019-10-02"
"The 100: Season 2: Remember Me","2019-10-02"
"The 100: Season 2: Spacewalker","2019-10-01"
"The 100: Season 2: Long into an Abyss","2019-10-01"
"The 100: Season 2: Fog of War","2019-10-01"
"The 100: Season 2: Human Trials","2019-10-01"
"The 100: Season 2: Many Happy Returns","2019-09-30"
"The 100: Season 2: Reapercussions","2019-09-30"
"The 100: Season 2: Inclement Weather","2019-09-30"
"The 100: Season 1: Murphy's Law","2019-09-25"
"The 100: Season 1: Earth Kills","2019-09-25"
"The Wandering Earth","2019-09-22"
"PAW Patrol: Season 5: SEA PATROL: Pups Save the Sunken Sloop/ SEA PATROL: Pups Save a Wiggly Whale","2019-09-21"
"PAW Patrol: Season 5: Pups Save Big Paw/ Pups Save a Hum-Mover","2019-09-21"
"Dunkirk","2019-09-20"
"Madagascar","2019-09-18"
"Our Planet - Behind The Scenes","2019-09-15"
"Secret Obsession","2019-09-10"
"London Has Fallen","2019-09-10"
" ","2019-09-10"
"Escape Plan","2019-09-08"
"Escape Plan 2: Hades","2019-09-07"
"PAW Patrol: Season 5: Pups Save the Kitty Rescue Crew/ Pups Save an Ostrich","2019-09-07"
"The 100: Season 1: Earth Skills","2019-08-30"
"Scary Movie","2019-08-29"
"The 100: Season 1: Pilot","2019-08-28"
"Friends: Season 1: The One Where Monica Gets a Roommate (Pilot)","2019-08-28"
"The Fate of the Furious","2019-08-27"
"Dumplin'","2019-08-21"
"Wanderlust","2019-08-21"
"American Psycho","2019-08-02"
"The Tourist","2019-07-13"
"Total Recall","2019-07-13"
"GANTZ:O","2019-07-12"
"Aloha","2019-07-12"
"The Titan","2019-07-12"
"How I Met Your Mother: Season 2: World's Greatest Couple","2019-07-08"
"Hancock","2019-07-08"
"Alexander and the Terrible, Horrible, No Good, Very Bad Day","2019-07-06"
"Next","2019-07-06"
"Stranger Things: Chapter One: The Vanishing of Will Byers","2019-07-06"
"Jeopardy!: Season Premieres: Season 32 Premiere","2019-07-03"
"Jeopardy!: Season Premieres: Season 1 Premiere","2019-07-03"
"Panic Room","2019-07-01"
"Black Mirror: Bandersnatch","2019-06-28"
"Shark Tank: Season 7: Episode 2","2019-06-27"
"The Office (U.S.): Season 1: Health Care","2019-06-26"
"Shark Tank: Season 7: Episode 1","2019-06-24"
"Black Mirror: Season 5: Striking Vipers","2019-06-23"
"Blackhat","2019-06-23"
"Superbad","2019-06-23"
"The Lincoln Lawyer","2019-06-09"
"Lost in Space: Season 1: Diamonds In The Sky","2019-05-26"
"Lost in Space: Season 1: Impact","2019-05-25"
"R.E.D.","2019-05-20"
"The Change-Up","2019-05-20"
"John Wick","2019-05-20"
"Baywatch","2019-05-20"
"Safe","2019-02-06"
"The Invitation","2019-01-20"
"Deadly Switch","2019-01-20"
"The Office (U.S.): Season 1: Diversity Day","2019-01-14"
"Black Mirror: Season 2: Be Right Back","2019-01-03"
